id,month_name,location,crowd_count
0,January,0,1
1,February,0,1
2,March,0,1
3,April,0,3
4,May,0,1
5,June,0,4
6,July,0,1
7,August,0,2
8,September,0,1
9,October,0,2
10,November,0,2
11,December,0,2
12,January,1,2
13,February,1,4
14,March,1,4
15,April,1,2
16,May,1,1
17,June,1,4
18,July,1,4
19,August,1,3
20,September,1,4
21,October,1,2
22,November,1,4
23,December,1,4
24,January,2,3
25,February,2,2
26,March,2,2
27,April,2,1
28,May,2,1
29,June,2,4
30,July,2,4
31,August,2,2
32,September,2,2
33,October,2,1
34,November,2,1
35,December,2,1
36,January,3,3
37,February,3,1
38,March,3,3
39,April,3,3
40,May,3,2
41,June,3,1
42,July,3,3
43,August,3,1
44,September,3,1
45,October,3,2
46,November,3,1
47,December,3,3
48,January,4,3
49,February,4,3
50,March,4,4
51,April,4,1
52,May,4,2
53,June,4,3
54,July,4,3
55,August,4,4
56,September,4,2
57,October,4,3
58,November,4,4
59,December,4,4
60,January,5,2
61,February,5,2
62,March,5,2
63,April,5,1
64,May,5,3
65,June,5,4
66,July,5,1
67,August,5,4
68,September,5,4
69,October,5,4
70,November,5,4
71,December,5,4
72,January,6,2
73,February,6,4
74,March,6,1
75,April,6,1
76,May,6,1
77,June,6,4
78,July,6,3
79,August,6,4
80,September,6,2
81,October,6,3
82,November,6,4
83,December,6,3
84,January,7,3
85,February,7,1
86,March,7,4
87,April,7,4
88,May,7,1
89,June,7,2
90,July,7,4
91,August,7,4
92,September,7,4
93,October,7,1
94,November,7,1
95,December,7,4
96,January,8,3
97,February,8,1
98,March,8,1
99,April,8,3
100,May,8,3
101,June,8,3
102,July,8,1
103,August,8,3
104,September,8,2
105,October,8,1
106,November,8,2
107,December,8,4
108,January,9,2
109,February,9,1
110,March,9,3
111,April,9,4
112,May,9,4
113,June,9,2
114,July,9,3
115,August,9,2
116,September,9,2
117,October,9,3
118,November,9,1
119,December,9,3
120,January,10,4
121,February,10,4
122,March,10,1
123,April,10,4
124,May,10,3
125,June,10,1
126,July,10,3
127,August,10,3
128,September,10,4
129,October,10,3
130,November,10,2
131,December,10,3
132,January,11,1
133,February,11,2
134,March,11,2
135,April,11,3
136,May,11,4
137,June,11,4
138,July,11,1
139,August,11,3
140,September,11,2
141,October,11,3
142,November,11,2
143,December,11,1
144,January,12,2
145,February,12,3
146,March,12,2
147,April,12,1
148,May,12,1
149,June,12,3
150,July,12,1
151,August,12,1
152,September,12,3
153,October,12,4
154,November,12,3
155,December,12,3
156,January,13,4
157,February,13,2
158,March,13,3
159,April,13,3
160,May,13,4
161,June,13,4
162,July,13,2
163,August,13,1
164,September,13,2
165,October,13,4
166,November,13,3
167,December,13,2
168,January,14,2
169,February,14,1
170,March,14,1
171,April,14,2
172,May,14,4
173,June,14,2
174,July,14,1
175,August,14,3
176,September,14,1
177,October,14,1
178,November,14,4
179,December,14,1
180,January,15,2
181,February,15,1
182,March,15,4
183,April,15,3
184,May,15,4
185,June,15,1
186,July,15,1
187,August,15,4
188,September,15,2
189,October,15,2
190,November,15,3
191,December,15,2
192,January,16,1
193,February,16,3
194,March,16,1
195,April,16,2
196,May,16,4
197,June,16,1
198,July,16,4
199,August,16,1
200,September,16,1
201,October,16,2
202,November,16,1
203,December,16,4
204,January,17,4
205,February,17,2
206,March,17,3
207,April,17,1
208,May,17,2
209,June,17,2
210,July,17,4
211,August,17,2
212,September,17,2
213,October,17,4
214,November,17,1
215,December,17,1
216,January,18,1
217,February,18,2
218,March,18,1
219,April,18,1
220,May,18,3
221,June,18,3
222,July,18,1
223,August,18,1
224,September,18,1
225,October,18,4
226,November,18,3
227,December,18,3
228,January,19,3
229,February,19,2
230,March,19,2
231,April,19,1
232,May,19,2
233,June,19,4
234,July,19,3
235,August,19,3
236,September,19,2
237,October,19,3
238,November,19,2
239,December,19,2
240,January,20,4
241,February,20,1
242,March,20,3
243,April,20,4
244,May,20,1
245,June,20,2
246,July,20,3
247,August,20,2
248,September,20,1
249,October,20,2
250,November,20,3
251,December,20,1
252,January,21,3
253,February,21,2
254,March,21,4
255,April,21,3
256,May,21,3
257,June,21,2
258,July,21,1
259,August,21,1
260,September,21,1
261,October,21,4
262,November,21,4
263,December,21,1
264,January,22,2
265,February,22,3
266,March,22,1
267,April,22,1
268,May,22,1
269,June,22,3
270,July,22,3
271,August,22,4
272,September,22,2
273,October,22,2
274,November,22,2
275,December,22,1
276,January,23,3
277,February,23,1
278,March,23,2
279,April,23,3
280,May,23,2
281,June,23,4
282,July,23,3
283,August,23,3
284,September,23,2
285,October,23,1
286,November,23,4
287,December,23,4
288,January,24,2
289,February,24,1
290,March,24,4
291,April,24,1
292,May,24,1
293,June,24,1
294,July,24,4
295,August,24,2
296,September,24,4
297,October,24,4
298,November,24,4
299,December,24,3
300,January,25,2
301,February,25,4
302,March,25,3
303,April,25,3
304,May,25,2
305,June,25,4
306,July,25,4
307,August,25,4
308,September,25,3
309,October,25,4
310,November,25,3
311,December,25,4
312,January,26,3
313,February,26,4
314,March,26,3
315,April,26,3
316,May,26,2
317,June,26,2
318,July,26,3
319,August,26,1
320,September,26,4
321,October,26,4
322,November,26,3
323,December,26,3
324,January,27,2
325,February,27,3
326,March,27,3
327,April,27,3
328,May,27,2
329,June,27,2
330,July,27,3
331,August,27,3
332,September,27,4
333,October,27,3
334,November,27,1
335,December,27,4
336,January,28,4
337,February,28,3
338,March,28,3
339,April,28,1
340,May,28,1
341,June,28,3
342,July,28,4
343,August,28,4
344,September,28,4
345,October,28,3
346,November,28,4
347,December,28,1
348,January,29,1
349,February,29,4
350,March,29,2
351,April,29,4
352,May,29,4
353,June,29,1
354,July,29,1
355,August,29,2
356,September,29,1
357,October,29,2
358,November,29,4
359,December,29,2
360,January,30,4
361,February,30,1
362,March,30,3
363,April,30,1
364,May,30,4
365,June,30,3
366,July,30,4
367,August,30,3
368,September,30,2
369,October,30,1
370,November,30,4
371,December,30,4
372,January,31,1
373,February,31,3
374,March,31,3
375,April,31,3
376,May,31,4
377,June,31,2
378,July,31,2
379,August,31,2
380,September,31,2
381,October,31,4
382,November,31,1
383,December,31,2
384,January,32,1
385,February,32,4
386,March,32,3
387,April,32,2
388,May,32,4
389,June,32,4
390,July,32,2
391,August,32,3
392,September,32,4
393,October,32,4
394,November,32,2
395,December,32,3
396,January,33,3
397,February,33,3
398,March,33,3
399,April,33,1
400,May,33,2
401,June,33,3
402,July,33,2
403,August,33,2
404,September,33,3
405,October,33,2
406,November,33,4
407,December,33,2
408,January,34,1
409,February,34,3
410,March,34,2
411,April,34,1
412,May,34,2
413,June,34,3
414,July,34,4
415,August,34,1
416,September,34,1
417,October,34,3
418,November,34,1
419,December,34,1
420,January,35,2
421,February,35,3
422,March,35,1
423,April,35,3
424,May,35,4
425,June,35,4
426,July,35,3
427,August,35,3
428,September,35,4
429,October,35,1
430,November,35,1
431,December,35,2
432,January,36,1
433,February,36,1
434,March,36,2
435,April,36,2
436,May,36,2
437,June,36,1
438,July,36,2
439,August,36,1
440,September,36,2
441,October,36,4
442,November,36,4
443,December,36,2
444,January,37,2
445,February,37,3
446,March,37,3
447,April,37,1
448,May,37,1
449,June,37,4
450,July,37,3
451,August,37,2
452,September,37,3
453,October,37,3
454,November,37,2
455,December,37,4
456,January,38,2
457,February,38,2
458,March,38,2
459,April,38,4
460,May,38,2
461,June,38,3
462,July,38,1
463,August,38,1
464,September,38,2
465,October,38,3
466,November,38,3
467,December,38,2
468,January,39,4
469,February,39,1
470,March,39,1
471,April,39,2
472,May,39,2
473,June,39,4
474,July,39,2
475,August,39,3
476,September,39,4
477,October,39,1
478,November,39,2
479,December,39,3
480,January,40,2
481,February,40,3
482,March,40,4
483,April,40,1
484,May,40,2
485,June,40,3
486,July,40,3
487,August,40,1
488,September,40,4
489,October,40,3
490,November,40,4
491,December,40,3
492,January,41,3
493,February,41,3
494,March,41,4
495,April,41,4
496,May,41,3
497,June,41,1
498,July,41,4
499,August,41,4
500,September,41,1
501,October,41,2
502,November,41,1
503,December,41,4
504,January,42,3
505,February,42,1
506,March,42,3
507,April,42,1
508,May,42,4
509,June,42,4
510,July,42,1
511,August,42,2
512,September,42,3
513,October,42,4
514,November,42,2
515,December,42,1
516,January,43,1
517,February,43,1
518,March,43,4
519,April,43,1
520,May,43,2
521,June,43,1
522,July,43,2
523,August,43,1
524,September,43,2
525,October,43,3
526,November,43,4
527,December,43,2
528,January,44,3
529,February,44,2
530,March,44,1
531,April,44,3
532,May,44,2
533,June,44,1
534,July,44,2
535,August,44,2
536,September,44,4
537,October,44,2
538,November,44,1
539,December,44,4
540,January,45,4
541,February,45,3
542,March,45,2
543,April,45,2
544,May,45,4
545,June,45,4
546,July,45,4
547,August,45,1
548,September,45,1
549,October,45,1
550,November,45,2
551,December,45,4
552,January,46,4
553,February,46,4
554,March,46,1
555,April,46,2
556,May,46,2
557,June,46,4
558,July,46,1
559,August,46,4
560,September,46,1
561,October,46,4
562,November,46,1
563,December,46,2
564,January,47,4
565,February,47,1
566,March,47,4
567,April,47,3
568,May,47,1
569,June,47,1
570,July,47,4
571,August,47,1
572,September,47,4
573,October,47,2
574,November,47,4
575,December,47,4
576,January,48,2
577,February,48,1
578,March,48,2
579,April,48,4
580,May,48,4
581,June,48,4
582,July,48,4
583,August,48,3
584,September,48,3
585,October,48,3
586,November,48,2
587,December,48,3
588,January,49,2
589,February,49,4
590,March,49,4
591,April,49,2
592,May,49,3
593,June,49,1
594,July,49,4
595,August,49,4
596,September,49,1
597,October,49,4
598,November,49,2
599,December,49,4
600,January,50,4
601,February,50,1
602,March,50,2
603,April,50,1
604,May,50,4
605,June,50,2
606,July,50,3
607,August,50,4
608,September,50,1
609,October,50,4
610,November,50,3
611,December,50,2
612,January,51,4
613,February,51,4
614,March,51,4
615,April,51,4
616,May,51,4
617,June,51,2
618,July,51,1
619,August,51,4
620,September,51,2
621,October,51,4
622,November,51,4
623,December,51,1
624,January,52,2
625,February,52,1
626,March,52,3
627,April,52,1
628,May,52,3
629,June,52,4
630,July,52,1
631,August,52,2
632,September,52,2
633,October,52,4
634,November,52,2
635,December,52,2
636,January,53,4
637,February,53,2
638,March,53,1
639,April,53,1
640,May,53,4
641,June,53,4
642,July,53,1
643,August,53,3
644,September,53,3
645,October,53,4
646,November,53,4
647,December,53,3
648,January,54,2
649,February,54,2
650,March,54,4
651,April,54,1
652,May,54,1
653,June,54,3
654,July,54,3
655,August,54,1
656,September,54,1
657,October,54,1
658,November,54,4
659,December,54,1
660,January,55,4
661,February,55,4
662,March,55,2
663,April,55,4
664,May,55,2
665,June,55,2
666,July,55,1
667,August,55,1
668,September,55,2
669,October,55,1
670,November,55,1
671,December,55,4
672,January,56,3
673,February,56,1
674,March,56,4
675,April,56,4
676,May,56,3
677,June,56,2
678,July,56,3
679,August,56,2
680,September,56,3
681,October,56,4
682,November,56,1
683,December,56,1
684,January,57,3
685,February,57,3
686,March,57,2
687,April,57,1
688,May,57,4
689,June,57,2
690,July,57,4
691,August,57,3
692,September,57,4
693,October,57,1
694,November,57,1
695,December,57,2
696,January,58,2
697,February,58,2
698,March,58,2
699,April,58,2
700,May,58,3
701,June,58,2
702,July,58,2
703,August,58,1
704,September,58,4
705,October,58,2
706,November,58,4
707,December,58,4
708,January,59,1
709,February,59,3
710,March,59,1
711,April,59,3
712,May,59,2
713,June,59,4
714,July,59,1
715,August,59,4
716,September,59,1
717,October,59,4
718,November,59,3
719,December,59,2
720,January,60,2
721,February,60,1
722,March,60,3
723,April,60,4
724,May,60,4
725,June,60,2
726,July,60,3
727,August,60,1
728,September,60,3
729,October,60,4
730,November,60,3
731,December,60,3
732,January,61,4
733,February,61,1
734,March,61,1
735,April,61,4
736,May,61,3
737,June,61,3
738,July,61,4
739,August,61,1
740,September,61,2
741,October,61,3
742,November,61,2
743,December,61,4
744,January,62,2
745,February,62,2
746,March,62,3
747,April,62,3
748,May,62,2
749,June,62,1
750,July,62,2
751,August,62,2
752,September,62,4
753,October,62,2
754,November,62,3
755,December,62,3
756,January,63,4
757,February,63,3
758,March,63,4
759,April,63,2
760,May,63,4
761,June,63,3
762,July,63,4
763,August,63,2
764,September,63,3
765,October,63,1
766,November,63,1
767,December,63,3
768,January,64,4
769,February,64,4
770,March,64,4
771,April,64,4
772,May,64,3
773,June,64,3
774,July,64,2
775,August,64,3
776,September,64,3
777,October,64,3
778,November,64,2
779,December,64,2
780,January,65,4
781,February,65,4
782,March,65,2
783,April,65,4
784,May,65,3
785,June,65,2
786,July,65,1
787,August,65,2
788,September,65,4
789,October,65,2
790,November,65,1
791,December,65,1
792,January,66,2
793,February,66,3
794,March,66,3
795,April,66,2
796,May,66,2
797,June,66,4
798,July,66,1
799,August,66,1
800,September,66,3
801,October,66,4
802,November,66,2
803,December,66,2
804,January,67,3
805,February,67,3
806,March,67,4
807,April,67,3
808,May,67,2
809,June,67,2
810,July,67,1
811,August,67,1
812,September,67,3
813,October,67,1
814,November,67,4
815,December,67,3
816,January,68,4
817,February,68,3
818,March,68,3
819,April,68,1
820,May,68,2
821,June,68,3
822,July,68,2
823,August,68,3
824,September,68,3
825,October,68,4
826,November,68,1
827,December,68,3
828,January,69,1
829,February,69,3
830,March,69,2
831,April,69,4
832,May,69,3
833,June,69,1
834,July,69,1
835,August,69,4
836,September,69,4
837,October,69,2
838,November,69,3
839,December,69,3
840,January,70,1
841,February,70,1
842,March,70,4
843,April,70,2
844,May,70,3
845,June,70,1
846,July,70,4
847,August,70,2
848,September,70,4
849,October,70,2
850,November,70,2
851,December,70,2
852,January,71,1
853,February,71,4
854,March,71,1
855,April,71,1
856,May,71,4
857,June,71,4
858,July,71,4
859,August,71,1
860,September,71,1
861,October,71,4
862,November,71,1
863,December,71,1
864,January,72,1
865,February,72,2
866,March,72,4
867,April,72,3
868,May,72,2
869,June,72,3
870,July,72,2
871,August,72,1
872,September,72,3
873,October,72,2
874,November,72,1
875,December,72,3
876,January,73,1
877,February,73,2
878,March,73,4
879,April,73,3
880,May,73,4
881,June,73,2
882,July,73,1
883,August,73,2
884,September,73,2
885,October,73,3
886,November,73,3
887,December,73,1
888,January,74,1
889,February,74,4
890,March,74,3
891,April,74,4
892,May,74,1
893,June,74,1
894,July,74,3
895,August,74,2
896,September,74,3
897,October,74,2
898,November,74,4
899,December,74,1
900,January,75,3
901,February,75,4
902,March,75,2
903,April,75,3
904,May,75,4
905,June,75,1
906,July,75,3
907,August,75,2
908,September,75,1
909,October,75,2
910,November,75,2
911,December,75,2
912,January,76,1
913,February,76,4
914,March,76,2
915,April,76,2
916,May,76,1
917,June,76,1
918,July,76,1
919,August,76,2
920,September,76,4
921,October,76,3
922,November,76,3
923,December,76,1
924,January,77,4
925,February,77,1
926,March,77,2
927,April,77,1
928,May,77,1
929,June,77,1
930,July,77,4
931,August,77,4
932,September,77,2
933,October,77,4
934,November,77,3
935,December,77,2
936,January,78,2
937,February,78,1
938,March,78,4
939,April,78,3
940,May,78,4
941,June,78,4
942,July,78,2
943,August,78,4
944,September,78,1
945,October,78,4
946,November,78,1
947,December,78,3
948,January,79,4
949,February,79,1
950,March,79,1
951,April,79,1
952,May,79,4
953,June,79,3
954,July,79,4
955,August,79,4
956,September,79,1
957,October,79,4
958,November,79,4
959,December,79,1
960,January,80,1
961,February,80,3
962,March,80,2
963,April,80,4
964,May,80,1
965,June,80,1
966,July,80,2
967,August,80,4
968,September,80,1
969,October,80,4
970,November,80,2
971,December,80,1
972,January,81,3
973,February,81,3
974,March,81,4
975,April,81,2
976,May,81,1
977,June,81,3
978,July,81,1
979,August,81,3
980,September,81,4
981,October,81,4
982,November,81,2
983,December,81,1
984,January,82,1
985,February,82,4
986,March,82,1
987,April,82,4
988,May,82,1
989,June,82,1
990,July,82,3
991,August,82,2
992,September,82,1
993,October,82,3
994,November,82,4
995,December,82,3
996,January,83,3
997,February,83,1
998,March,83,4
999,April,83,1
1000,May,83,4
1001,June,83,3
1002,July,83,4
1003,August,83,3
1004,September,83,2
1005,October,83,1
1006,November,83,2
1007,December,83,2
1008,January,84,2
1009,February,84,3
1010,March,84,1
1011,April,84,2
1012,May,84,2
1013,June,84,1
1014,July,84,3
1015,August,84,4
1016,September,84,4
1017,October,84,1
1018,November,84,4
1019,December,84,4
1020,January,85,3
1021,February,85,4
1022,March,85,4
1023,April,85,4
1024,May,85,2
1025,June,85,1
1026,July,85,4
1027,August,85,2
1028,September,85,4
1029,October,85,3
1030,November,85,1
1031,December,85,3
1032,January,86,2
1033,February,86,2
1034,March,86,2
1035,April,86,4
1036,May,86,1
1037,June,86,3
1038,July,86,3
1039,August,86,1
1040,September,86,2
1041,October,86,2
1042,November,86,1
1043,December,86,3
1044,January,87,2
1045,February,87,3
1046,March,87,2
1047,April,87,2
1048,May,87,3
1049,June,87,2
1050,July,87,2
1051,August,87,4
1052,September,87,4
1053,October,87,3
1054,November,87,2
1055,December,87,1
1056,January,88,2
1057,February,88,4
1058,March,88,4
1059,April,88,2
1060,May,88,1
1061,June,88,2
1062,July,88,4
1063,August,88,4
1064,September,88,2
1065,October,88,1
1066,November,88,3
1067,December,88,1
1068,January,89,2
1069,February,89,4
1070,March,89,2
1071,April,89,1
1072,May,89,2
1073,June,89,4
1074,July,89,3
1075,August,89,3
1076,September,89,4
1077,October,89,1
1078,November,89,3
1079,December,89,4
1080,January,90,3
1081,February,90,4
1082,March,90,1
1083,April,90,4
1084,May,90,3
1085,June,90,1
1086,July,90,2
1087,August,90,4
1088,September,90,2
1089,October,90,1
1090,November,90,2
1091,December,90,2
1092,January,91,1
1093,February,91,3
1094,March,91,2
1095,April,91,3
1096,May,91,3
1097,June,91,4
1098,July,91,3
1099,August,91,4
1100,September,91,3
1101,October,91,2
1102,November,91,1
1103,December,91,1
1104,January,92,2
1105,February,92,1
1106,March,92,1
1107,April,92,1
1108,May,92,4
1109,June,92,3
1110,July,92,2
1111,August,92,1
1112,September,92,3
1113,October,92,4
1114,November,92,4
1115,December,92,4
1116,January,93,4
1117,February,93,4
1118,March,93,3
1119,April,93,1
1120,May,93,2
1121,June,93,3
1122,July,93,1
1123,August,93,2
1124,September,93,4
1125,October,93,2
1126,November,93,1
1127,December,93,4
1128,January,94,3
1129,February,94,2
1130,March,94,1
1131,April,94,4
1132,May,94,1
1133,June,94,2
1134,July,94,3
1135,August,94,4
1136,September,94,4
1137,October,94,2
1138,November,94,1
1139,December,94,4
1140,January,95,2
1141,February,95,2
1142,March,95,3
1143,April,95,2
1144,May,95,4
1145,June,95,1
1146,July,95,4
1147,August,95,2
1148,September,95,3
1149,October,95,1
1150,November,95,1
1151,December,95,4
1152,January,96,3
1153,February,96,2
1154,March,96,1
1155,April,96,4
1156,May,96,1
1157,June,96,4
1158,July,96,4
1159,August,96,2
1160,September,96,1
1161,October,96,4
1162,November,96,2
1163,December,96,2
1164,January,97,3
1165,February,97,4
1166,March,97,1
1167,April,97,2
1168,May,97,4
1169,June,97,3
1170,July,97,1
1171,August,97,1
1172,September,97,3
1173,October,97,1
1174,November,97,4
1175,December,97,3
1176,January,98,2
1177,February,98,3
1178,March,98,1
1179,April,98,4
1180,May,98,2
1181,June,98,4
1182,July,98,3
1183,August,98,3
1184,September,98,2
1185,October,98,3
1186,November,98,3
1187,December,98,2
1188,January,99,4
1189,February,99,3
1190,March,99,2
1191,April,99,4
1192,May,99,1
1193,June,99,4
1194,July,99,1
1195,August,99,4
1196,September,99,2
1197,October,99,1
1198,November,99,1
1199,December,99,2
1200,January,100,2
1201,February,100,3
1202,March,100,4
1203,April,100,1
1204,May,100,2
1205,June,100,1
1206,July,100,3
1207,August,100,1
1208,September,100,2
1209,October,100,4
1210,November,100,4
1211,December,100,3
1212,January,101,3
1213,February,101,4
1214,March,101,1
1215,April,101,3
1216,May,101,1
1217,June,101,3
1218,July,101,2
1219,August,101,2
1220,September,101,4
1221,October,101,2
1222,November,101,3
1223,December,101,3
1224,January,102,3
1225,February,102,1
1226,March,102,1
1227,April,102,2
1228,May,102,3
1229,June,102,2
1230,July,102,1
1231,August,102,2
1232,September,102,2
1233,October,102,3
1234,November,102,4
1235,December,102,3
1236,January,103,2
1237,February,103,3
1238,March,103,3
1239,April,103,1
1240,May,103,4
1241,June,103,3
1242,July,103,1
1243,August,103,3
1244,September,103,2
1245,October,103,4
1246,November,103,3
1247,December,103,1
1248,January,104,4
1249,February,104,2
1250,March,104,1
1251,April,104,3
1252,May,104,1
1253,June,104,1
1254,July,104,4
1255,August,104,1
1256,September,104,2
1257,October,104,4
1258,November,104,1
1259,December,104,3
1260,January,105,2
1261,February,105,4
1262,March,105,1
1263,April,105,1
1264,May,105,2
1265,June,105,1
1266,July,105,4
1267,August,105,2
1268,September,105,1
1269,October,105,2
1270,November,105,4
1271,December,105,1
1272,January,106,2
1273,February,106,2
1274,March,106,2
1275,April,106,2
1276,May,106,4
1277,June,106,2
1278,July,106,2
1279,August,106,4
1280,September,106,2
1281,October,106,1
1282,November,106,4
1283,December,106,1
1284,January,107,4
1285,February,107,1
1286,March,107,2
1287,April,107,2
1288,May,107,2
1289,June,107,4
1290,July,107,2
1291,August,107,3
1292,September,107,4
1293,October,107,2
1294,November,107,2
1295,December,107,1
1296,January,108,1
1297,February,108,4
1298,March,108,1
1299,April,108,4
1300,May,108,3
1301,June,108,3
1302,July,108,2
1303,August,108,1
1304,September,108,1
1305,October,108,4
1306,November,108,1
1307,December,108,2
1308,January,109,2
1309,February,109,3
1310,March,109,1
1311,April,109,4
1312,May,109,4
1313,June,109,1
1314,July,109,1
1315,August,109,1
1316,September,109,4
1317,October,109,4
1318,November,109,1
1319,December,109,3
1320,January,110,2
1321,February,110,1
1322,March,110,2
1323,April,110,3
1324,May,110,4
1325,June,110,4
1326,July,110,2
1327,August,110,1
1328,September,110,4
1329,October,110,3
1330,November,110,3
1331,December,110,2
1332,January,111,2
1333,February,111,4
1334,March,111,4
1335,April,111,1
1336,May,111,4
1337,June,111,4
1338,July,111,2
1339,August,111,4
1340,September,111,1
1341,October,111,3
1342,November,111,4
1343,December,111,2
1344,January,112,3
1345,February,112,1
1346,March,112,2
1347,April,112,2
1348,May,112,4
1349,June,112,1
1350,July,112,1
1351,August,112,2
1352,September,112,3
1353,October,112,4
1354,November,112,3
1355,December,112,4
1356,January,113,4
1357,February,113,2
1358,March,113,1
1359,April,113,2
1360,May,113,4
1361,June,113,4
1362,July,113,2
1363,August,113,4
1364,September,113,4
1365,October,113,2
1366,November,113,3
1367,December,113,2
1368,January,114,3
1369,February,114,3
1370,March,114,1
1371,April,114,2
1372,May,114,3
1373,June,114,4
1374,July,114,1
1375,August,114,1
1376,September,114,3
1377,October,114,4
1378,November,114,2
1379,December,114,2
1380,January,115,3
1381,February,115,2
1382,March,115,3
1383,April,115,1
1384,May,115,1
1385,June,115,2
1386,July,115,1
1387,August,115,3
1388,September,115,1
1389,October,115,2
1390,November,115,1
1391,December,115,4
1392,January,116,1
1393,February,116,3
1394,March,116,3
1395,April,116,3
1396,May,116,2
1397,June,116,2
1398,July,116,1
1399,August,116,2
1400,September,116,4
1401,October,116,3
1402,November,116,3
1403,December,116,1
1404,January,117,2
1405,February,117,1
1406,March,117,3
1407,April,117,1
1408,May,117,4
1409,June,117,3
1410,July,117,3
1411,August,117,1
1412,September,117,3
1413,October,117,2
1414,November,117,1
1415,December,117,2
1416,January,118,2
1417,February,118,4
1418,March,118,2
1419,April,118,1
1420,May,118,2
1421,June,118,1
1422,July,118,4
1423,August,118,2
1424,September,118,4
1425,October,118,3
1426,November,118,1
1427,December,118,3
1428,January,119,3
1429,February,119,1
1430,March,119,4
1431,April,119,2
1432,May,119,1
1433,June,119,1
1434,July,119,3
1435,August,119,1
1436,September,119,2
1437,October,119,3
1438,November,119,1
1439,December,119,4
1440,January,120,3
1441,February,120,1
1442,March,120,3
1443,April,120,1
1444,May,120,2
1445,June,120,2
1446,July,120,1
1447,August,120,1
1448,September,120,3
1449,October,120,4
1450,November,120,4
1451,December,120,4
1452,January,121,4
1453,February,121,2
1454,March,121,2
1455,April,121,3
1456,May,121,1
1457,June,121,4
1458,July,121,1
1459,August,121,3
1460,September,121,3
1461,October,121,2
1462,November,121,4
1463,December,121,3
1464,January,122,2
1465,February,122,2
1466,March,122,2
1467,April,122,3
1468,May,122,3
1469,June,122,1
1470,July,122,2
1471,August,122,3
1472,September,122,3
1473,October,122,3
1474,November,122,2
1475,December,122,2
1476,January,123,3
1477,February,123,3
1478,March,123,1
1479,April,123,1
1480,May,123,4
1481,June,123,2
1482,July,123,2
1483,August,123,1
1484,September,123,3
1485,October,123,2
1486,November,123,3
1487,December,123,1
1488,January,124,2
1489,February,124,2
1490,March,124,4
1491,April,124,1
1492,May,124,4
1493,June,124,3
1494,July,124,1
1495,August,124,3
1496,September,124,1
1497,October,124,4
1498,November,124,1
1499,December,124,4
1500,January,125,1
1501,February,125,2
1502,March,125,3
1503,April,125,2
1504,May,125,3
1505,June,125,3
1506,July,125,1
1507,August,125,1
1508,September,125,4
1509,October,125,4
1510,November,125,3
1511,December,125,2
1512,January,126,1
1513,February,126,2
1514,March,126,2
1515,April,126,3
1516,May,126,1
1517,June,126,3
1518,July,126,3
1519,August,126,3
1520,September,126,2
1521,October,126,4
1522,November,126,2
1523,December,126,1
1524,January,127,4
1525,February,127,3
1526,March,127,1
1527,April,127,1
1528,May,127,2
1529,June,127,2
1530,July,127,2
1531,August,127,4
1532,September,127,1
1533,October,127,3
1534,November,127,4
1535,December,127,3
1536,January,128,1
1537,February,128,1
1538,March,128,2
1539,April,128,4
1540,May,128,4
1541,June,128,2
1542,July,128,2
1543,August,128,2
1544,September,128,3
1545,October,128,1
1546,November,128,3
1547,December,128,1
1548,January,129,4
1549,February,129,1
1550,March,129,3
1551,April,129,3
1552,May,129,2
1553,June,129,1
1554,July,129,3
1555,August,129,1
1556,September,129,4
1557,October,129,2
1558,November,129,1
1559,December,129,2
1560,January,130,2
1561,February,130,1
1562,March,130,3
1563,April,130,4
1564,May,130,2
1565,June,130,3
1566,July,130,2
1567,August,130,2
1568,September,130,1
1569,October,130,1
1570,November,130,2
1571,December,130,2
1572,January,131,3
1573,February,131,3
1574,March,131,4
1575,April,131,4
1576,May,131,2
1577,June,131,2
1578,July,131,4
1579,August,131,4
1580,September,131,1
1581,October,131,4
1582,November,131,2
1583,December,131,1
1584,January,132,3
1585,February,132,1
1586,March,132,3
1587,April,132,3
1588,May,132,2
1589,June,132,3
1590,July,132,1
1591,August,132,1
1592,September,132,2
1593,October,132,4
1594,November,132,3
1595,December,132,3
1596,January,133,2
1597,February,133,1
1598,March,133,4
1599,April,133,1
1600,May,133,4
1601,June,133,2
1602,July,133,2
1603,August,133,4
1604,September,133,4
1605,October,133,1
1606,November,133,4
1607,December,133,1
1608,January,134,3
1609,February,134,2
1610,March,134,2
1611,April,134,3
1612,May,134,3
1613,June,134,3
1614,July,134,2
1615,August,134,1
1616,September,134,1
1617,October,134,2
1618,November,134,2
1619,December,134,4
1620,January,135,1
1621,February,135,4
1622,March,135,1
1623,April,135,3
1624,May,135,2
1625,June,135,1
1626,July,135,2
1627,August,135,1
1628,September,135,2
1629,October,135,2
1630,November,135,1
1631,December,135,2
1632,January,136,1
1633,February,136,3
1634,March,136,3
1635,April,136,3
1636,May,136,3
1637,June,136,1
1638,July,136,1
1639,August,136,3
1640,September,136,2
1641,October,136,3
1642,November,136,2
1643,December,136,4
1644,January,137,1
1645,February,137,2
1646,March,137,1
1647,April,137,1
1648,May,137,1
1649,June,137,1
1650,July,137,2
1651,August,137,4
1652,September,137,2
1653,October,137,3
1654,November,137,1
1655,December,137,2
1656,January,138,4
1657,February,138,2
1658,March,138,2
1659,April,138,2
1660,May,138,1
1661,June,138,3
1662,July,138,1
1663,August,138,4
1664,September,138,1
1665,October,138,4
1666,November,138,1
1667,December,138,3
1668,January,139,2
1669,February,139,2
1670,March,139,1
1671,April,139,4
1672,May,139,2
1673,June,139,4
1674,July,139,4
1675,August,139,4
1676,September,139,3
1677,October,139,1
1678,November,139,2
1679,December,139,4
1680,January,140,3
1681,February,140,1
1682,March,140,4
1683,April,140,1
1684,May,140,2
1685,June,140,4
1686,July,140,4
1687,August,140,4
1688,September,140,4
1689,October,140,2
1690,November,140,1
1691,December,140,3
1692,January,141,1
1693,February,141,1
1694,March,141,1
1695,April,141,3
1696,May,141,1
1697,June,141,1
1698,July,141,4
1699,August,141,4
1700,September,141,4
1701,October,141,2
1702,November,141,1
1703,December,141,3
1704,January,142,4
1705,February,142,3
1706,March,142,1
1707,April,142,4
1708,May,142,4
1709,June,142,3
1710,July,142,4
1711,August,142,4
1712,September,142,3
1713,October,142,4
1714,November,142,3
1715,December,142,1
1716,January,143,1
1717,February,143,3
1718,March,143,4
1719,April,143,4
1720,May,143,1
1721,June,143,3
1722,July,143,4
1723,August,143,2
1724,September,143,1
1725,October,143,3
1726,November,143,1
1727,December,143,4
1728,January,144,4
1729,February,144,1
1730,March,144,4
1731,April,144,2
1732,May,144,3
1733,June,144,1
1734,July,144,3
1735,August,144,4
1736,September,144,3
1737,October,144,3
1738,November,144,2
1739,December,144,2
1740,January,145,1
1741,February,145,1
1742,March,145,1
1743,April,145,3
1744,May,145,1
1745,June,145,4
1746,July,145,2
1747,August,145,2
1748,September,145,4
1749,October,145,4
1750,November,145,4
1751,December,145,2
1752,January,146,1
1753,February,146,1
1754,March,146,2
1755,April,146,4
1756,May,146,3
1757,June,146,1
1758,July,146,3
1759,August,146,2
1760,September,146,1
1761,October,146,1
1762,November,146,4
1763,December,146,2
1764,January,147,3
1765,February,147,4
1766,March,147,4
1767,April,147,2
1768,May,147,4
1769,June,147,4
1770,July,147,4
1771,August,147,3
1772,September,147,2
1773,October,147,2
1774,November,147,3
1775,December,147,2
1776,January,148,4
1777,February,148,4
1778,March,148,1
1779,April,148,3
1780,May,148,2
1781,June,148,4
1782,July,148,3
1783,August,148,3
1784,September,148,2
1785,October,148,4
1786,November,148,2
1787,December,148,4
1788,January,149,4
1789,February,149,3
1790,March,149,2
1791,April,149,1
1792,May,149,3
1793,June,149,4
1794,July,149,3
1795,August,149,2
1796,September,149,2
1797,October,149,1
1798,November,149,2
1799,December,149,3
1800,January,150,2
1801,February,150,2
1802,March,150,1
1803,April,150,2
1804,May,150,1
1805,June,150,1
1806,July,150,1
1807,August,150,3
1808,September,150,3
1809,October,150,3
1810,November,150,4
1811,December,150,4
1812,January,151,1
1813,February,151,4
1814,March,151,3
1815,April,151,4
1816,May,151,3
1817,June,151,4
1818,July,151,2
1819,August,151,4
1820,September,151,3
1821,October,151,3
1822,November,151,4
1823,December,151,4
1824,January,152,1
1825,February,152,3
1826,March,152,2
1827,April,152,1
1828,May,152,3
1829,June,152,3
1830,July,152,4
1831,August,152,4
1832,September,152,2
1833,October,152,4
1834,November,152,1
1835,December,152,1
1836,January,153,4
1837,February,153,1
1838,March,153,2
1839,April,153,1
1840,May,153,4
1841,June,153,4
1842,July,153,4
1843,August,153,2
1844,September,153,4
1845,October,153,1
1846,November,153,2
1847,December,153,2
1848,January,154,1
1849,February,154,2
1850,March,154,4
1851,April,154,2
1852,May,154,2
1853,June,154,4
1854,July,154,4
1855,August,154,1
1856,September,154,2
1857,October,154,4
1858,November,154,1
1859,December,154,1
1860,January,155,4
1861,February,155,3
1862,March,155,1
1863,April,155,4
1864,May,155,3
1865,June,155,3
1866,July,155,4
1867,August,155,2
1868,September,155,3
1869,October,155,2
1870,November,155,3
1871,December,155,2
1872,January,156,3
1873,February,156,2
1874,March,156,1
1875,April,156,2
1876,May,156,4
1877,June,156,2
1878,July,156,3
1879,August,156,4
1880,September,156,4
1881,October,156,3
1882,November,156,4
1883,December,156,1
1884,January,157,2
1885,February,157,1
1886,March,157,2
1887,April,157,1
1888,May,157,3
1889,June,157,3
1890,July,157,4
1891,August,157,1
1892,September,157,2
1893,October,157,3
1894,November,157,3
1895,December,157,1
1896,January,158,2
1897,February,158,4
1898,March,158,4
1899,April,158,1
1900,May,158,4
1901,June,158,3
1902,July,158,1
1903,August,158,2
1904,September,158,3
1905,October,158,4
1906,November,158,1
1907,December,158,4
1908,January,159,1
1909,February,159,1
1910,March,159,2
1911,April,159,3
1912,May,159,2
1913,June,159,2
1914,July,159,1
1915,August,159,4
1916,September,159,3
1917,October,159,2
1918,November,159,3
1919,December,159,3
1920,January,160,2
1921,February,160,3
1922,March,160,1
1923,April,160,1
1924,May,160,2
1925,June,160,2
1926,July,160,3
1927,August,160,1
1928,September,160,2
1929,October,160,3
1930,November,160,1
1931,December,160,2
1932,January,161,3
1933,February,161,2
1934,March,161,3
1935,April,161,4
1936,May,161,1
1937,June,161,2
1938,July,161,1
1939,August,161,3
1940,September,161,2
1941,October,161,1
1942,November,161,4
1943,December,161,4
1944,January,162,3
1945,February,162,4
1946,March,162,2
1947,April,162,4
1948,May,162,2
1949,June,162,4
1950,July,162,4
1951,August,162,4
1952,September,162,3
1953,October,162,3
1954,November,162,4
1955,December,162,3
1956,January,163,4
1957,February,163,2
1958,March,163,4
1959,April,163,1
1960,May,163,4
1961,June,163,3
1962,July,163,4
1963,August,163,2
1964,September,163,3
1965,October,163,4
1966,November,163,3
1967,December,163,2
1968,January,164,4
1969,February,164,1
1970,March,164,1
1971,April,164,2
1972,May,164,1
1973,June,164,3
1974,July,164,2
1975,August,164,1
1976,September,164,2
1977,October,164,1
1978,November,164,2
1979,December,164,3
1980,January,165,3
1981,February,165,4
1982,March,165,2
1983,April,165,4
1984,May,165,3
1985,June,165,3
1986,July,165,3
1987,August,165,4
1988,September,165,4
1989,October,165,4
1990,November,165,4
1991,December,165,3
1992,January,166,3
1993,February,166,3
1994,March,166,1
1995,April,166,1
1996,May,166,4
1997,June,166,1
1998,July,166,4
1999,August,166,1
2000,September,166,4
2001,October,166,4
2002,November,166,1
2003,December,166,2
2004,January,167,3
2005,February,167,1
2006,March,167,3
2007,April,167,4
2008,May,167,1
2009,June,167,4
2010,July,167,4
2011,August,167,4
2012,September,167,3
2013,October,167,1
2014,November,167,1
2015,December,167,2
2016,January,168,2
2017,February,168,3
2018,March,168,1
2019,April,168,4
2020,May,168,1
2021,June,168,3
2022,July,168,2
2023,August,168,1
2024,September,168,3
2025,October,168,1
2026,November,168,1
2027,December,168,1
2028,January,169,3
2029,February,169,1
2030,March,169,2
2031,April,169,3
2032,May,169,3
2033,June,169,2
2034,July,169,3
2035,August,169,1
2036,September,169,1
2037,October,169,3
2038,November,169,2
2039,December,169,3
2040,January,170,3
2041,February,170,1
2042,March,170,2
2043,April,170,3
2044,May,170,3
2045,June,170,1
2046,July,170,3
2047,August,170,1
2048,September,170,1
2049,October,170,1
2050,November,170,4
2051,December,170,3
2052,January,171,3
2053,February,171,3
2054,March,171,2
2055,April,171,2
2056,May,171,1
2057,June,171,4
2058,July,171,2
2059,August,171,2
2060,September,171,3
2061,October,171,3
2062,November,171,1
2063,December,171,2
2064,January,172,2
2065,February,172,1
2066,March,172,4
2067,April,172,3
2068,May,172,4
2069,June,172,1
2070,July,172,2
2071,August,172,2
2072,September,172,1
2073,October,172,2
2074,November,172,1
2075,December,172,3
2076,January,173,4
2077,February,173,3
2078,March,173,1
2079,April,173,4
2080,May,173,1
2081,June,173,4
2082,July,173,2
2083,August,173,4
2084,September,173,4
2085,October,173,2
2086,November,173,2
2087,December,173,1
2088,January,174,3
2089,February,174,3
2090,March,174,4
2091,April,174,1
2092,May,174,4
2093,June,174,3
2094,July,174,2
2095,August,174,2
2096,September,174,3
2097,October,174,3
2098,November,174,3
2099,December,174,4
2100,January,175,3
2101,February,175,1
2102,March,175,3
2103,April,175,3
2104,May,175,4
2105,June,175,3
2106,July,175,1
2107,August,175,2
2108,September,175,2
2109,October,175,2
2110,November,175,3
2111,December,175,3
2112,January,176,3
2113,February,176,1
2114,March,176,2
2115,April,176,2
2116,May,176,1
2117,June,176,3
2118,July,176,3
2119,August,176,4
2120,September,176,4
2121,October,176,1
2122,November,176,4
2123,December,176,2
2124,January,177,4
2125,February,177,1
2126,March,177,1
2127,April,177,3
2128,May,177,4
2129,June,177,3
2130,July,177,1
2131,August,177,4
2132,September,177,3
2133,October,177,3
2134,November,177,1
2135,December,177,1
2136,January,178,3
2137,February,178,1
2138,March,178,4
2139,April,178,4
2140,May,178,3
2141,June,178,4
2142,July,178,1
2143,August,178,3
2144,September,178,1
2145,October,178,1
2146,November,178,4
2147,December,178,1
2148,January,179,2
2149,February,179,3
2150,March,179,3
2151,April,179,1
2152,May,179,2
2153,June,179,1
2154,July,179,2
2155,August,179,4
2156,September,179,2
2157,October,179,3
2158,November,179,4
2159,December,179,1
2160,January,180,1
2161,February,180,2
2162,March,180,2
2163,April,180,3
2164,May,180,3
2165,June,180,2
2166,July,180,4
2167,August,180,3
2168,September,180,2
2169,October,180,1
2170,November,180,1
2171,December,180,1
2172,January,181,2
2173,February,181,1
2174,March,181,2
2175,April,181,4
2176,May,181,3
2177,June,181,2
2178,July,181,4
2179,August,181,1
2180,September,181,2
2181,October,181,1
2182,November,181,1
2183,December,181,3
2184,January,182,2
2185,February,182,1
2186,March,182,2
2187,April,182,4
2188,May,182,2
2189,June,182,4
2190,July,182,4
2191,August,182,3
2192,September,182,3
2193,October,182,4
2194,November,182,1
2195,December,182,1
2196,January,183,1
2197,February,183,4
2198,March,183,3
2199,April,183,2
2200,May,183,3
2201,June,183,1
2202,July,183,3
2203,August,183,2
2204,September,183,3
2205,October,183,1
2206,November,183,1
2207,December,183,3
2208,January,184,4
2209,February,184,2
2210,March,184,1
2211,April,184,3
2212,May,184,1
2213,June,184,4
2214,July,184,2
2215,August,184,3
2216,September,184,3
2217,October,184,2
2218,November,184,4
2219,December,184,4
2220,January,185,1
2221,February,185,3
2222,March,185,2
2223,April,185,3
2224,May,185,1
2225,June,185,1
2226,July,185,4
2227,August,185,3
2228,September,185,3
2229,October,185,4
2230,November,185,4
2231,December,185,1
2232,January,186,1
2233,February,186,3
2234,March,186,2
2235,April,186,1
2236,May,186,3
2237,June,186,2
2238,July,186,1
2239,August,186,4
2240,September,186,3
2241,October,186,1
2242,November,186,1
2243,December,186,2
2244,January,187,2
2245,February,187,2
2246,March,187,2
2247,April,187,2
2248,May,187,1
2249,June,187,2
2250,July,187,3
2251,August,187,2
2252,September,187,3
2253,October,187,3
2254,November,187,4
2255,December,187,3
2256,January,188,1
2257,February,188,1
2258,March,188,2
2259,April,188,2
2260,May,188,3
2261,June,188,4
2262,July,188,1
2263,August,188,1
2264,September,188,2
2265,October,188,1
2266,November,188,2
2267,December,188,2
2268,January,189,4
2269,February,189,2
2270,March,189,2
2271,April,189,3
2272,May,189,3
2273,June,189,1
2274,July,189,2
2275,August,189,2
2276,September,189,2
2277,October,189,2
2278,November,189,2
2279,December,189,3
2280,January,190,1
2281,February,190,1
2282,March,190,2
2283,April,190,3
2284,May,190,3
2285,June,190,3
2286,July,190,3
2287,August,190,1
2288,September,190,1
2289,October,190,1
2290,November,190,4
2291,December,190,1
2292,January,191,1
2293,February,191,1
2294,March,191,2
2295,April,191,1
2296,May,191,1
2297,June,191,1
2298,July,191,4
2299,August,191,2
2300,September,191,4
2301,October,191,4
2302,November,191,3
2303,December,191,4
2304,January,192,2
2305,February,192,2
2306,March,192,4
2307,April,192,2
2308,May,192,3
2309,June,192,3
2310,July,192,1
2311,August,192,3
2312,September,192,4
2313,October,192,2
2314,November,192,2
2315,December,192,4
2316,January,193,4
2317,February,193,4
2318,March,193,2
2319,April,193,4
2320,May,193,1
2321,June,193,3
2322,July,193,2
2323,August,193,2
2324,September,193,1
2325,October,193,4
2326,November,193,4
2327,December,193,1
2328,January,194,3
2329,February,194,4
2330,March,194,2
2331,April,194,2
2332,May,194,1
2333,June,194,4
2334,July,194,3
2335,August,194,1
2336,September,194,4
2337,October,194,1
2338,November,194,4
2339,December,194,3
2340,January,195,3
2341,February,195,4
2342,March,195,3
2343,April,195,2
2344,May,195,2
2345,June,195,4
2346,July,195,1
2347,August,195,1
2348,September,195,3
2349,October,195,1
2350,November,195,1
2351,December,195,2
2352,January,196,3
2353,February,196,2
2354,March,196,3
2355,April,196,1
2356,May,196,3
2357,June,196,2
2358,July,196,4
2359,August,196,1
2360,September,196,1
2361,October,196,2
2362,November,196,3
2363,December,196,4
2364,January,197,1
2365,February,197,4
2366,March,197,3
2367,April,197,2
2368,May,197,3
2369,June,197,1
2370,July,197,4
2371,August,197,4
2372,September,197,3
2373,October,197,4
2374,November,197,4
2375,December,197,2
2376,January,198,1
2377,February,198,3
2378,March,198,3
2379,April,198,2
2380,May,198,1
2381,June,198,1
2382,July,198,1
2383,August,198,4
2384,September,198,1
2385,October,198,4
2386,November,198,2
2387,December,198,2
2388,January,199,2
2389,February,199,3
2390,March,199,3
2391,April,199,2
2392,May,199,3
2393,June,199,1
2394,July,199,4
2395,August,199,3
2396,September,199,3
2397,October,199,3
2398,November,199,4
2399,December,199,1
2400,January,200,2
2401,February,200,3
2402,March,200,4
2403,April,200,4
2404,May,200,2
2405,June,200,2
2406,July,200,2
2407,August,200,4
2408,September,200,3
2409,October,200,3
2410,November,200,3
2411,December,200,3
2412,January,201,4
2413,February,201,1
2414,March,201,3
2415,April,201,3
2416,May,201,1
2417,June,201,3
2418,July,201,2
2419,August,201,1
2420,September,201,4
2421,October,201,1
2422,November,201,3
2423,December,201,2
2424,January,202,2
2425,February,202,2
2426,March,202,1
2427,April,202,4
2428,May,202,3
2429,June,202,3
2430,July,202,1
2431,August,202,1
2432,September,202,3
2433,October,202,1
2434,November,202,1
2435,December,202,2
2436,January,203,3
2437,February,203,2
2438,March,203,1
2439,April,203,4
2440,May,203,2
2441,June,203,4
2442,July,203,1
2443,August,203,2
2444,September,203,4
2445,October,203,3
2446,November,203,1
2447,December,203,1
2448,January,204,4
2449,February,204,1
2450,March,204,1
2451,April,204,1
2452,May,204,3
2453,June,204,3
2454,July,204,3
2455,August,204,3
2456,September,204,4
2457,October,204,2
2458,November,204,1
2459,December,204,1
2460,January,205,3
2461,February,205,2
2462,March,205,4
2463,April,205,2
2464,May,205,4
2465,June,205,1
2466,July,205,2
2467,August,205,3
2468,September,205,3
2469,October,205,2
2470,November,205,3
2471,December,205,1
2472,January,206,2
2473,February,206,2
2474,March,206,2
2475,April,206,3
2476,May,206,3
2477,June,206,1
2478,July,206,3
2479,August,206,4
2480,September,206,2
2481,October,206,4
2482,November,206,1
2483,December,206,3
2484,January,207,3
2485,February,207,3
2486,March,207,3
2487,April,207,2
2488,May,207,4
2489,June,207,2
2490,July,207,4
2491,August,207,3
2492,September,207,3
2493,October,207,4
2494,November,207,3
2495,December,207,3
2496,January,208,1
2497,February,208,4
2498,March,208,3
2499,April,208,2
2500,May,208,2
2501,June,208,3
2502,July,208,3
2503,August,208,2
2504,September,208,4
2505,October,208,3
2506,November,208,1
2507,December,208,1
2508,January,209,2
2509,February,209,3
2510,March,209,1
2511,April,209,1
2512,May,209,3
2513,June,209,1
2514,July,209,4
2515,August,209,1
2516,September,209,1
2517,October,209,4
2518,November,209,1
2519,December,209,1
2520,January,210,2
2521,February,210,2
2522,March,210,3
2523,April,210,3
2524,May,210,1
2525,June,210,3
2526,July,210,1
2527,August,210,1
2528,September,210,3
2529,October,210,1
2530,November,210,2
2531,December,210,3
2532,January,211,3
2533,February,211,1
2534,March,211,4
2535,April,211,3
2536,May,211,3
2537,June,211,3
2538,July,211,4
2539,August,211,4
2540,September,211,2
2541,October,211,3
2542,November,211,2
2543,December,211,1
2544,January,212,2
2545,February,212,3
2546,March,212,4
2547,April,212,4
2548,May,212,3
2549,June,212,2
2550,July,212,1
2551,August,212,2
2552,September,212,4
2553,October,212,3
2554,November,212,4
2555,December,212,1
2556,January,213,1
2557,February,213,2
2558,March,213,3
2559,April,213,3
2560,May,213,2
2561,June,213,3
2562,July,213,2
2563,August,213,3
2564,September,213,2
2565,October,213,1
2566,November,213,1
2567,December,213,4
2568,January,214,1
2569,February,214,1
2570,March,214,2
2571,April,214,4
2572,May,214,1
2573,June,214,4
2574,July,214,3
2575,August,214,1
2576,September,214,4
2577,October,214,4
2578,November,214,4
2579,December,214,2
2580,January,215,2
2581,February,215,3
2582,March,215,1
2583,April,215,3
2584,May,215,2
2585,June,215,3
2586,July,215,3
2587,August,215,1
2588,September,215,4
2589,October,215,4
2590,November,215,4
2591,December,215,1
2592,January,216,4
2593,February,216,2
2594,March,216,2
2595,April,216,2
2596,May,216,1
2597,June,216,2
2598,July,216,3
2599,August,216,2
2600,September,216,1
2601,October,216,4
2602,November,216,2
2603,December,216,2
2604,January,217,1
2605,February,217,2
2606,March,217,1
2607,April,217,2
2608,May,217,2
2609,June,217,1
2610,July,217,3
2611,August,217,2
2612,September,217,4
2613,October,217,2
2614,November,217,2
2615,December,217,1
2616,January,218,1
2617,February,218,3
2618,March,218,3
2619,April,218,3
2620,May,218,1
2621,June,218,1
2622,July,218,1
2623,August,218,2
2624,September,218,3
2625,October,218,3
2626,November,218,2
2627,December,218,3
2628,January,219,4
2629,February,219,4
2630,March,219,1
2631,April,219,3
2632,May,219,3
2633,June,219,3
2634,July,219,2
2635,August,219,4
2636,September,219,3
2637,October,219,2
2638,November,219,2
2639,December,219,4
2640,January,220,4
2641,February,220,1
2642,March,220,2
2643,April,220,4
2644,May,220,3
2645,June,220,3
2646,July,220,4
2647,August,220,2
2648,September,220,4
2649,October,220,4
2650,November,220,4
2651,December,220,1
2652,January,221,2
2653,February,221,2
2654,March,221,4
2655,April,221,3
2656,May,221,1
2657,June,221,2
2658,July,221,2
2659,August,221,1
2660,September,221,4
2661,October,221,4
2662,November,221,2
2663,December,221,3
2664,January,222,2
2665,February,222,3
2666,March,222,1
2667,April,222,4
2668,May,222,2
2669,June,222,2
2670,July,222,1
2671,August,222,3
2672,September,222,3
2673,October,222,4
2674,November,222,1
2675,December,222,1
2676,January,223,4
2677,February,223,3
2678,March,223,3
2679,April,223,3
2680,May,223,3
2681,June,223,2
2682,July,223,2
2683,August,223,2
2684,September,223,2
2685,October,223,4
2686,November,223,3
2687,December,223,2
2688,January,224,4
2689,February,224,1
2690,March,224,2
2691,April,224,2
2692,May,224,3
2693,June,224,3
2694,July,224,2
2695,August,224,1
2696,September,224,4
2697,October,224,1
2698,November,224,4
2699,December,224,3
2700,January,225,3
2701,February,225,1
2702,March,225,1
2703,April,225,1
2704,May,225,3
2705,June,225,2
2706,July,225,4
2707,August,225,3
2708,September,225,2
2709,October,225,3
2710,November,225,4
2711,December,225,4
2712,January,226,2
2713,February,226,4
2714,March,226,1
2715,April,226,2
2716,May,226,4
2717,June,226,2
2718,July,226,4
2719,August,226,4
2720,September,226,3
2721,October,226,1
2722,November,226,4
2723,December,226,2
2724,January,227,1
2725,February,227,1
2726,March,227,3
2727,April,227,2
2728,May,227,2
2729,June,227,3
2730,July,227,2
2731,August,227,2
2732,September,227,4
2733,October,227,2
2734,November,227,3
2735,December,227,3
2736,January,228,2
2737,February,228,3
2738,March,228,3
2739,April,228,4
2740,May,228,2
2741,June,228,1
2742,July,228,3
2743,August,228,2
2744,September,228,3
2745,October,228,1
2746,November,228,4
2747,December,228,1
2748,January,229,1
2749,February,229,4
2750,March,229,4
2751,April,229,1
2752,May,229,1
2753,June,229,1
2754,July,229,4
2755,August,229,1
2756,September,229,1
2757,October,229,4
2758,November,229,1
2759,December,229,3
2760,January,230,2
2761,February,230,1
2762,March,230,1
2763,April,230,1
2764,May,230,2
2765,June,230,1
2766,July,230,2
2767,August,230,2
2768,September,230,3
2769,October,230,2
2770,November,230,3
2771,December,230,1
2772,January,231,4
2773,February,231,4
2774,March,231,2
2775,April,231,1
2776,May,231,2
2777,June,231,2
2778,July,231,2
2779,August,231,4
2780,September,231,1
2781,October,231,4
2782,November,231,2
2783,December,231,3
2784,January,232,3
2785,February,232,3
2786,March,232,1
2787,April,232,2
2788,May,232,1
2789,June,232,2
2790,July,232,4
2791,August,232,4
2792,September,232,4
2793,October,232,3
2794,November,232,1
2795,December,232,4
2796,January,233,3
2797,February,233,1
2798,March,233,2
2799,April,233,2
2800,May,233,2
2801,June,233,4
2802,July,233,1
2803,August,233,4
2804,September,233,1
2805,October,233,3
2806,November,233,3
2807,December,233,1
2808,January,234,1
2809,February,234,4
2810,March,234,1
2811,April,234,4
2812,May,234,2
2813,June,234,1
2814,July,234,1
2815,August,234,4
2816,September,234,1
2817,October,234,2
2818,November,234,2
2819,December,234,3
2820,January,235,3
2821,February,235,2
2822,March,235,3
2823,April,235,2
2824,May,235,1
2825,June,235,4
2826,July,235,4
2827,August,235,1
2828,September,235,4
2829,October,235,1
2830,November,235,4
2831,December,235,4
2832,January,236,3
2833,February,236,3
2834,March,236,4
2835,April,236,4
2836,May,236,2
2837,June,236,2
2838,July,236,2
2839,August,236,4
2840,September,236,1
2841,October,236,1
2842,November,236,4
2843,December,236,2
2844,January,237,2
2845,February,237,1
2846,March,237,1
2847,April,237,2
2848,May,237,1
2849,June,237,4
2850,July,237,4
2851,August,237,4
2852,September,237,1
2853,October,237,2
2854,November,237,1
2855,December,237,3
2856,January,238,3
2857,February,238,4
2858,March,238,3
2859,April,238,4
2860,May,238,3
2861,June,238,3
2862,July,238,4
2863,August,238,3
2864,September,238,4
2865,October,238,1
2866,November,238,3
2867,December,238,3
2868,January,239,2
2869,February,239,4
2870,March,239,4
2871,April,239,3
2872,May,239,1
2873,June,239,1
2874,July,239,4
2875,August,239,4
2876,September,239,1
2877,October,239,2
2878,November,239,2
2879,December,239,4
2880,January,240,4
2881,February,240,1
2882,March,240,2
2883,April,240,4
2884,May,240,1
2885,June,240,4
2886,July,240,1
2887,August,240,2
2888,September,240,3
2889,October,240,4
2890,November,240,1
2891,December,240,3
2892,January,241,2
2893,February,241,3
2894,March,241,1
2895,April,241,3
2896,May,241,4
2897,June,241,1
2898,July,241,2
2899,August,241,2
2900,September,241,2
2901,October,241,4
2902,November,241,1
2903,December,241,4
2904,January,242,3
2905,February,242,3
2906,March,242,3
2907,April,242,2
2908,May,242,2
2909,June,242,1
2910,July,242,1
2911,August,242,1
2912,September,242,3
2913,October,242,1
2914,November,242,3
2915,December,242,4
2916,January,243,4
2917,February,243,1
2918,March,243,4
2919,April,243,3
2920,May,243,3
2921,June,243,3
2922,July,243,2
2923,August,243,4
2924,September,243,1
2925,October,243,4
2926,November,243,4
2927,December,243,3
2928,January,244,4
2929,February,244,3
2930,March,244,4
2931,April,244,3
2932,May,244,2
2933,June,244,4
2934,July,244,1
2935,August,244,2
2936,September,244,4
2937,October,244,3
2938,November,244,3
2939,December,244,4
2940,January,245,1
2941,February,245,3
2942,March,245,4
2943,April,245,1
2944,May,245,2
2945,June,245,4
2946,July,245,3
2947,August,245,1
2948,September,245,3
2949,October,245,1
2950,November,245,2
2951,December,245,4
2952,January,246,3
2953,February,246,4
2954,March,246,1
2955,April,246,2
2956,May,246,4
2957,June,246,2
2958,July,246,4
2959,August,246,2
2960,September,246,1
2961,October,246,4
2962,November,246,4
2963,December,246,2
2964,January,247,4
2965,February,247,1
2966,March,247,2
2967,April,247,2
2968,May,247,2
2969,June,247,2
2970,July,247,2
2971,August,247,3
2972,September,247,4
2973,October,247,4
2974,November,247,4
2975,December,247,4
2976,January,248,3
2977,February,248,3
2978,March,248,3
2979,April,248,3
2980,May,248,3
2981,June,248,1
2982,July,248,1
2983,August,248,4
2984,September,248,1
2985,October,248,2
2986,November,248,4
2987,December,248,2
2988,January,249,1
2989,February,249,2
2990,March,249,2
2991,April,249,4
2992,May,249,4
2993,June,249,1
2994,July,249,1
2995,August,249,1
2996,September,249,2
2997,October,249,2
2998,November,249,2
2999,December,249,4
3000,January,250,3
3001,February,250,2
3002,March,250,1
3003,April,250,1
3004,May,250,3
3005,June,250,1
3006,July,250,1
3007,August,250,3
3008,September,250,4
3009,October,250,3
3010,November,250,3
3011,December,250,4
3012,January,251,3
3013,February,251,2
3014,March,251,4
3015,April,251,2
3016,May,251,2
3017,June,251,1
3018,July,251,1
3019,August,251,2
3020,September,251,2
3021,October,251,2
3022,November,251,4
3023,December,251,2
3024,January,252,2
3025,February,252,2
3026,March,252,2
3027,April,252,1
3028,May,252,1
3029,June,252,3
3030,July,252,4
3031,August,252,4
3032,September,252,3
3033,October,252,3
3034,November,252,2
3035,December,252,2
3036,January,253,4
3037,February,253,1
3038,March,253,3
3039,April,253,2
3040,May,253,1
3041,June,253,1
3042,July,253,3
3043,August,253,3
3044,September,253,4
3045,October,253,2
3046,November,253,1
3047,December,253,2
3048,January,254,1
3049,February,254,2
3050,March,254,3
3051,April,254,3
3052,May,254,2
3053,June,254,3
3054,July,254,2
3055,August,254,1
3056,September,254,3
3057,October,254,2
3058,November,254,3
3059,December,254,2
3060,January,255,4
3061,February,255,1
3062,March,255,4
3063,April,255,3
3064,May,255,4
3065,June,255,1
3066,July,255,1
3067,August,255,2
3068,September,255,3
3069,October,255,2
3070,November,255,2
3071,December,255,1
3072,January,256,4
3073,February,256,3
3074,March,256,1
3075,April,256,1
3076,May,256,4
3077,June,256,2
3078,July,256,2
3079,August,256,2
3080,September,256,2
3081,October,256,4
3082,November,256,2
3083,December,256,3
3084,January,257,1
3085,February,257,2
3086,March,257,4
3087,April,257,4
3088,May,257,4
3089,June,257,4
3090,July,257,3
3091,August,257,2
3092,September,257,1
3093,October,257,3
3094,November,257,3
3095,December,257,3
3096,January,258,3
3097,February,258,2
3098,March,258,1
3099,April,258,2
3100,May,258,3
3101,June,258,3
3102,July,258,3
3103,August,258,1
3104,September,258,4
3105,October,258,3
3106,November,258,2
3107,December,258,3
3108,January,259,1
3109,February,259,4
3110,March,259,3
3111,April,259,1
3112,May,259,1
3113,June,259,4
3114,July,259,1
3115,August,259,1
3116,September,259,4
3117,October,259,1
3118,November,259,1
3119,December,259,4
3120,January,260,2
3121,February,260,2
3122,March,260,2
3123,April,260,1
3124,May,260,2
3125,June,260,3
3126,July,260,1
3127,August,260,4
3128,September,260,2
3129,October,260,3
3130,November,260,2
3131,December,260,3
3132,January,261,1
3133,February,261,4
3134,March,261,4
3135,April,261,2
3136,May,261,2
3137,June,261,3
3138,July,261,3
3139,August,261,3
3140,September,261,2
3141,October,261,3
3142,November,261,1
3143,December,261,3
3144,January,262,3
3145,February,262,4
3146,March,262,2
3147,April,262,3
3148,May,262,2
3149,June,262,2
3150,July,262,4
3151,August,262,2
3152,September,262,1
3153,October,262,4
3154,November,262,3
3155,December,262,2
3156,January,263,2
3157,February,263,1
3158,March,263,2
3159,April,263,3
3160,May,263,4
3161,June,263,3
3162,July,263,2
3163,August,263,3
3164,September,263,4
3165,October,263,1
3166,November,263,1
3167,December,263,1
3168,January,264,4
3169,February,264,3
3170,March,264,2
3171,April,264,1
3172,May,264,3
3173,June,264,1
3174,July,264,4
3175,August,264,4
3176,September,264,4
3177,October,264,2
3178,November,264,2
3179,December,264,3
3180,January,265,3
3181,February,265,3
3182,March,265,2
3183,April,265,4
3184,May,265,4
3185,June,265,2
3186,July,265,4
3187,August,265,1
3188,September,265,4
3189,October,265,2
3190,November,265,2
3191,December,265,3
3192,January,266,2
3193,February,266,1
3194,March,266,3
3195,April,266,4
3196,May,266,4
3197,June,266,3
3198,July,266,1
3199,August,266,4
3200,September,266,4
3201,October,266,2
3202,November,266,3
3203,December,266,2
3204,January,267,3
3205,February,267,3
3206,March,267,2
3207,April,267,3
3208,May,267,1
3209,June,267,2
3210,July,267,1
3211,August,267,1
3212,September,267,1
3213,October,267,1
3214,November,267,4
3215,December,267,2
3216,January,268,1
3217,February,268,1
3218,March,268,2
3219,April,268,3
3220,May,268,4
3221,June,268,2
3222,July,268,3
3223,August,268,1
3224,September,268,3
3225,October,268,3
3226,November,268,4
3227,December,268,1
3228,January,269,2
3229,February,269,3
3230,March,269,3
3231,April,269,3
3232,May,269,2
3233,June,269,1
3234,July,269,3
3235,August,269,2
3236,September,269,1
3237,October,269,1
3238,November,269,2
3239,December,269,1
3240,January,270,4
3241,February,270,1
3242,March,270,3
3243,April,270,2
3244,May,270,4
3245,June,270,2
3246,July,270,4
3247,August,270,1
3248,September,270,1
3249,October,270,4
3250,November,270,1
3251,December,270,1
3252,January,271,4
3253,February,271,3
3254,March,271,3
3255,April,271,3
3256,May,271,1
3257,June,271,3
3258,July,271,1
3259,August,271,2
3260,September,271,3
3261,October,271,1
3262,November,271,4
3263,December,271,1
3264,January,272,3
3265,February,272,3
3266,March,272,4
3267,April,272,1
3268,May,272,3
3269,June,272,1
3270,July,272,3
3271,August,272,3
3272,September,272,4
3273,October,272,1
3274,November,272,1
3275,December,272,3
3276,January,273,4
3277,February,273,2
3278,March,273,3
3279,April,273,2
3280,May,273,4
3281,June,273,1
3282,July,273,3
3283,August,273,1
3284,September,273,1
3285,October,273,2
3286,November,273,1
3287,December,273,3
3288,January,274,3
3289,February,274,1
3290,March,274,3
3291,April,274,3
3292,May,274,3
3293,June,274,3
3294,July,274,2
3295,August,274,4
3296,September,274,3
3297,October,274,3
3298,November,274,4
3299,December,274,2
3300,January,275,3
3301,February,275,2
3302,March,275,4
3303,April,275,1
3304,May,275,4
3305,June,275,2
3306,July,275,4
3307,August,275,3
3308,September,275,2
3309,October,275,2
3310,November,275,1
3311,December,275,2
3312,January,276,2
3313,February,276,1
3314,March,276,1
3315,April,276,3
3316,May,276,1
3317,June,276,4
3318,July,276,1
3319,August,276,2
3320,September,276,1
3321,October,276,1
3322,November,276,2
3323,December,276,1
3324,January,277,3
3325,February,277,1
3326,March,277,3
3327,April,277,1
3328,May,277,3
3329,June,277,4
3330,July,277,3
3331,August,277,1
3332,September,277,3
3333,October,277,4
3334,November,277,4
3335,December,277,2
3336,January,278,3
3337,February,278,3
3338,March,278,2
3339,April,278,4
3340,May,278,4
3341,June,278,4
3342,July,278,4
3343,August,278,1
3344,September,278,2
3345,October,278,1
3346,November,278,3
3347,December,278,3
3348,January,279,3
3349,February,279,2
3350,March,279,1
3351,April,279,1
3352,May,279,4
3353,June,279,3
3354,July,279,3
3355,August,279,4
3356,September,279,1
3357,October,279,2
3358,November,279,3
3359,December,279,4
3360,January,280,3
3361,February,280,2
3362,March,280,3
3363,April,280,1
3364,May,280,2
3365,June,280,1
3366,July,280,2
3367,August,280,2
3368,September,280,4
3369,October,280,3
3370,November,280,1
3371,December,280,3
3372,January,281,3
3373,February,281,2
3374,March,281,3
3375,April,281,3
3376,May,281,1
3377,June,281,2
3378,July,281,2
3379,August,281,1
3380,September,281,1
3381,October,281,4
3382,November,281,4
3383,December,281,2
3384,January,282,2
3385,February,282,3
3386,March,282,1
3387,April,282,3
3388,May,282,1
3389,June,282,1
3390,July,282,2
3391,August,282,4
3392,September,282,3
3393,October,282,4
3394,November,282,4
3395,December,282,1
3396,January,283,3
3397,February,283,2
3398,March,283,1
3399,April,283,4
3400,May,283,2
3401,June,283,4
3402,July,283,4
3403,August,283,2
3404,September,283,1
3405,October,283,3
3406,November,283,4
3407,December,283,3
3408,January,284,4
3409,February,284,1
3410,March,284,3
3411,April,284,1
3412,May,284,2
3413,June,284,3
3414,July,284,1
3415,August,284,4
3416,September,284,4
3417,October,284,3
3418,November,284,1
3419,December,284,1
3420,January,285,4
3421,February,285,1
3422,March,285,3
3423,April,285,3
3424,May,285,4
3425,June,285,3
3426,July,285,4
3427,August,285,1
3428,September,285,4
3429,October,285,4
3430,November,285,2
3431,December,285,2
3432,January,286,2
3433,February,286,2
3434,March,286,4
3435,April,286,1
3436,May,286,4
3437,June,286,2
3438,July,286,3
3439,August,286,4
3440,September,286,3
3441,October,286,3
3442,November,286,4
3443,December,286,3
3444,January,287,3
3445,February,287,2
3446,March,287,1
3447,April,287,4
3448,May,287,1
3449,June,287,3
3450,July,287,1
3451,August,287,4
3452,September,287,3
3453,October,287,4
3454,November,287,4
3455,December,287,3
3456,January,288,2
3457,February,288,2
3458,March,288,1
3459,April,288,4
3460,May,288,3
3461,June,288,4
3462,July,288,1
3463,August,288,2
3464,September,288,3
3465,October,288,3
3466,November,288,4
3467,December,288,4
3468,January,289,2
3469,February,289,2
3470,March,289,2
3471,April,289,4
3472,May,289,3
3473,June,289,4
3474,July,289,2
3475,August,289,3
3476,September,289,4
3477,October,289,2
3478,November,289,3
3479,December,289,4
3480,January,290,3
3481,February,290,3
3482,March,290,1
3483,April,290,2
3484,May,290,2
3485,June,290,1
3486,July,290,1
3487,August,290,3
3488,September,290,4
3489,October,290,4
3490,November,290,1
3491,December,290,1
3492,January,291,2
3493,February,291,1
3494,March,291,2
3495,April,291,2
3496,May,291,4
3497,June,291,4
3498,July,291,2
3499,August,291,2
3500,September,291,2
3501,October,291,1
3502,November,291,4
3503,December,291,1
3504,January,292,1
3505,February,292,1
3506,March,292,2
3507,April,292,2
3508,May,292,2
3509,June,292,2
3510,July,292,4
3511,August,292,2
3512,September,292,2
3513,October,292,2
3514,November,292,4
3515,December,292,2
3516,January,293,2
3517,February,293,4
3518,March,293,2
3519,April,293,2
3520,May,293,3
3521,June,293,4
3522,July,293,3
3523,August,293,2
3524,September,293,3
3525,October,293,3
3526,November,293,1
3527,December,293,1
3528,January,294,1
3529,February,294,4
3530,March,294,3
3531,April,294,2
3532,May,294,2
3533,June,294,2
3534,July,294,4
3535,August,294,2
3536,September,294,3
3537,October,294,2
3538,November,294,4
3539,December,294,3
3540,January,295,3
3541,February,295,1
3542,March,295,4
3543,April,295,2
3544,May,295,3
3545,June,295,1
3546,July,295,1
3547,August,295,2
3548,September,295,4
3549,October,295,4
3550,November,295,4
3551,December,295,3
3552,January,296,4
3553,February,296,1
3554,March,296,3
3555,April,296,4
3556,May,296,4
3557,June,296,2
3558,July,296,3
3559,August,296,2
3560,September,296,2
3561,October,296,4
3562,November,296,1
3563,December,296,3
3564,January,297,3
3565,February,297,1
3566,March,297,4
3567,April,297,1
3568,May,297,2
3569,June,297,1
3570,July,297,3
3571,August,297,2
3572,September,297,2
3573,October,297,3
3574,November,297,2
3575,December,297,3
3576,January,298,3
3577,February,298,4
3578,March,298,4
3579,April,298,2
3580,May,298,2
3581,June,298,2
3582,July,298,3
3583,August,298,1
3584,September,298,3
3585,October,298,2
3586,November,298,4
3587,December,298,3
3588,January,299,1
3589,February,299,2
3590,March,299,3
3591,April,299,4
3592,May,299,4
3593,June,299,1
3594,July,299,1
3595,August,299,4
3596,September,299,4
3597,October,299,2
3598,November,299,3
3599,December,299,3
3600,January,300,4
3601,February,300,2
3602,March,300,4
3603,April,300,1
3604,May,300,2
3605,June,300,2
3606,July,300,1
3607,August,300,4
3608,September,300,2
3609,October,300,3
3610,November,300,1
3611,December,300,2
3612,January,301,3
3613,February,301,1
3614,March,301,4
3615,April,301,1
3616,May,301,1
3617,June,301,4
3618,July,301,2
3619,August,301,4
3620,September,301,1
3621,October,301,2
3622,November,301,3
3623,December,301,1
3624,January,302,3
3625,February,302,1
3626,March,302,3
3627,April,302,3
3628,May,302,2
3629,June,302,4
3630,July,302,3
3631,August,302,1
3632,September,302,2
3633,October,302,2
3634,November,302,2
3635,December,302,2
3636,January,303,2
3637,February,303,1
3638,March,303,2
3639,April,303,2
3640,May,303,4
3641,June,303,1
3642,July,303,3
3643,August,303,4
3644,September,303,1
3645,October,303,1
3646,November,303,4
3647,December,303,4
3648,January,304,3
3649,February,304,2
3650,March,304,3
3651,April,304,3
3652,May,304,3
3653,June,304,2
3654,July,304,3
3655,August,304,3
3656,September,304,1
3657,October,304,1
3658,November,304,3
3659,December,304,2
3660,January,305,1
3661,February,305,4
3662,March,305,3
3663,April,305,4
3664,May,305,2
3665,June,305,2
3666,July,305,2
3667,August,305,3
3668,September,305,3
3669,October,305,4
3670,November,305,4
3671,December,305,3
3672,January,306,3
3673,February,306,4
3674,March,306,2
3675,April,306,2
3676,May,306,1
3677,June,306,4
3678,July,306,4
3679,August,306,2
3680,September,306,2
3681,October,306,4
3682,November,306,4
3683,December,306,1
3684,January,307,1
3685,February,307,4
3686,March,307,1
3687,April,307,4
3688,May,307,4
3689,June,307,1
3690,July,307,4
3691,August,307,4
3692,September,307,4
3693,October,307,2
3694,November,307,1
3695,December,307,4
3696,January,308,4
3697,February,308,3
3698,March,308,1
3699,April,308,3
3700,May,308,3
3701,June,308,2
3702,July,308,4
3703,August,308,4
3704,September,308,3
3705,October,308,4
3706,November,308,2
3707,December,308,3
3708,January,309,1
3709,February,309,1
3710,March,309,2
3711,April,309,1
3712,May,309,4
3713,June,309,2
3714,July,309,4
3715,August,309,2
3716,September,309,3
3717,October,309,3
3718,November,309,4
3719,December,309,2
3720,January,310,1
3721,February,310,1
3722,March,310,2
3723,April,310,3
3724,May,310,1
3725,June,310,3
3726,July,310,2
3727,August,310,1
3728,September,310,4
3729,October,310,1
3730,November,310,3
3731,December,310,2
3732,January,311,4
3733,February,311,1
3734,March,311,2
3735,April,311,4
3736,May,311,2
3737,June,311,1
3738,July,311,4
3739,August,311,4
3740,September,311,4
3741,October,311,3
3742,November,311,4
3743,December,311,4
3744,January,312,1
3745,February,312,4
3746,March,312,3
3747,April,312,1
3748,May,312,1
3749,June,312,1
3750,July,312,1
3751,August,312,2
3752,September,312,3
3753,October,312,3
3754,November,312,4
3755,December,312,4
3756,January,313,3
3757,February,313,2
3758,March,313,3
3759,April,313,3
3760,May,313,2
3761,June,313,1
3762,July,313,1
3763,August,313,1
3764,September,313,3
3765,October,313,2
3766,November,313,3
3767,December,313,1
3768,January,314,2
3769,February,314,1
3770,March,314,4
3771,April,314,1
3772,May,314,3
3773,June,314,3
3774,July,314,3
3775,August,314,4
3776,September,314,2
3777,October,314,2
3778,November,314,1
3779,December,314,4
3780,January,315,3
3781,February,315,4
3782,March,315,3
3783,April,315,2
3784,May,315,3
3785,June,315,1
3786,July,315,3
3787,August,315,3
3788,September,315,4
3789,October,315,1
3790,November,315,4
3791,December,315,2
3792,January,316,1
3793,February,316,4
3794,March,316,4
3795,April,316,4
3796,May,316,3
3797,June,316,3
3798,July,316,4
3799,August,316,4
3800,September,316,3
3801,October,316,3
3802,November,316,4
3803,December,316,1
3804,January,317,3
3805,February,317,1
3806,March,317,4
3807,April,317,2
3808,May,317,2
3809,June,317,4
3810,July,317,3
3811,August,317,1
3812,September,317,3
3813,October,317,3
3814,November,317,4
3815,December,317,3
3816,January,318,3
3817,February,318,1
3818,March,318,2
3819,April,318,3
3820,May,318,1
3821,June,318,2
3822,July,318,3
3823,August,318,2
3824,September,318,2
3825,October,318,1
3826,November,318,2
3827,December,318,1
3828,January,319,1
3829,February,319,4
3830,March,319,3
3831,April,319,2
3832,May,319,1
3833,June,319,2
3834,July,319,2
3835,August,319,1
3836,September,319,2
3837,October,319,2
3838,November,319,3
3839,December,319,2
3840,January,320,4
3841,February,320,4
3842,March,320,3
3843,April,320,2
3844,May,320,3
3845,June,320,4
3846,July,320,3
3847,August,320,1
3848,September,320,1
3849,October,320,2
3850,November,320,3
3851,December,320,1
3852,January,321,2
3853,February,321,3
3854,March,321,4
3855,April,321,4
3856,May,321,3
3857,June,321,4
3858,July,321,4
3859,August,321,2
3860,September,321,4
3861,October,321,3
3862,November,321,1
3863,December,321,2
3864,January,322,1
3865,February,322,4
3866,March,322,3
3867,April,322,1
3868,May,322,4
3869,June,322,1
3870,July,322,4
3871,August,322,2
3872,September,322,3
3873,October,322,2
3874,November,322,4
3875,December,322,4
3876,January,323,1
3877,February,323,2
3878,March,323,3
3879,April,323,1
3880,May,323,1
3881,June,323,3
3882,July,323,4
3883,August,323,2
3884,September,323,1
3885,October,323,2
3886,November,323,2
3887,December,323,3
3888,January,324,2
3889,February,324,2
3890,March,324,4
3891,April,324,2
3892,May,324,4
3893,June,324,4
3894,July,324,3
3895,August,324,2
3896,September,324,1
3897,October,324,2
3898,November,324,4
3899,December,324,4
