month_name,location,crowd_count
January,0,1
February,0,1
March,0,1
April,0,3
May,0,1
June,0,4
July,0,1
August,0,2
September,0,1
October,0,2
November,0,2
December,0,2
January,1,2
February,1,4
March,1,4
April,1,2
May,1,1
June,1,4
July,1,4
August,1,3
September,1,4
October,1,2
November,1,4
December,1,4
January,2,3
February,2,2
March,2,2
April,2,1
May,2,1
June,2,4
July,2,4
August,2,2
September,2,2
October,2,1
November,2,1
December,2,1
January,3,3
February,3,1
March,3,3
April,3,3
May,3,2
June,3,1
July,3,3
August,3,1
September,3,1
October,3,2
November,3,1
December,3,3
January,4,3
February,4,3
March,4,4
April,4,1
May,4,2
June,4,3
July,4,3
August,4,4
September,4,2
October,4,3
November,4,4
December,4,4
January,5,2
February,5,2
March,5,2
April,5,1
May,5,3
June,5,4
July,5,1
August,5,4
September,5,4
October,5,4
November,5,4
December,5,4
January,6,2
February,6,4
March,6,1
April,6,1
May,6,1
June,6,4
July,6,3
August,6,4
September,6,2
October,6,3
November,6,4
December,6,3
January,7,3
February,7,1
March,7,4
April,7,4
May,7,1
June,7,2
July,7,4
August,7,4
September,7,4
October,7,1
November,7,1
December,7,4
January,8,3
February,8,1
March,8,1
April,8,3
May,8,3
June,8,3
July,8,1
August,8,3
September,8,2
October,8,1
November,8,2
December,8,4
January,9,2
February,9,1
March,9,3
April,9,4
May,9,4
June,9,2
July,9,3
August,9,2
September,9,2
October,9,3
November,9,1
December,9,3
January,10,4
February,10,4
March,10,1
April,10,4
May,10,3
June,10,1
July,10,3
August,10,3
September,10,4
October,10,3
November,10,2
December,10,3
January,11,1
February,11,2
March,11,2
April,11,3
May,11,4
June,11,4
July,11,1
August,11,3
September,11,2
October,11,3
November,11,2
December,11,1
January,12,2
February,12,3
March,12,2
April,12,1
May,12,1
June,12,3
July,12,1
August,12,1
September,12,3
October,12,4
November,12,3
December,12,3
January,13,4
February,13,2
March,13,3
April,13,3
May,13,4
June,13,4
July,13,2
August,13,1
September,13,2
October,13,4
November,13,3
December,13,2
January,14,2
February,14,1
March,14,1
April,14,2
May,14,4
June,14,2
July,14,1
August,14,3
September,14,1
October,14,1
November,14,4
December,14,1
January,15,2
February,15,1
March,15,4
April,15,3
May,15,4
June,15,1
July,15,1
August,15,4
September,15,2
October,15,2
November,15,3
December,15,2
January,16,1
February,16,3
March,16,1
April,16,2
May,16,4
June,16,1
July,16,4
August,16,1
September,16,1
October,16,2
November,16,1
December,16,4
January,17,4
February,17,2
March,17,3
April,17,1
May,17,2
June,17,2
July,17,4
August,17,2
September,17,2
October,17,4
November,17,1
December,17,1
January,18,1
February,18,2
March,18,1
April,18,1
May,18,3
June,18,3
July,18,1
August,18,1
September,18,1
October,18,4
November,18,3
December,18,3
January,19,3
February,19,2
March,19,2
April,19,1
May,19,2
June,19,4
July,19,3
August,19,3
September,19,2
October,19,3
November,19,2
December,19,2
January,20,4
February,20,1
March,20,3
April,20,4
May,20,1
June,20,2
July,20,3
August,20,2
September,20,1
October,20,2
November,20,3
December,20,1
January,21,3
February,21,2
March,21,4
April,21,3
May,21,3
June,21,2
July,21,1
August,21,1
September,21,1
October,21,4
November,21,4
December,21,1
January,22,2
February,22,3
March,22,1
April,22,1
May,22,1
June,22,3
July,22,3
August,22,4
September,22,2
October,22,2
November,22,2
December,22,1
January,23,3
February,23,1
March,23,2
April,23,3
May,23,2
June,23,4
July,23,3
August,23,3
September,23,2
October,23,1
November,23,4
December,23,4
January,24,2
February,24,1
March,24,4
April,24,1
May,24,1
June,24,1
July,24,4
August,24,2
September,24,4
October,24,4
November,24,4
December,24,3
January,25,2
February,25,4
March,25,3
April,25,3
May,25,2
June,25,4
July,25,4
August,25,4
September,25,3
October,25,4
November,25,3
December,25,4
January,26,3
February,26,4
March,26,3
April,26,3
May,26,2
June,26,2
July,26,3
August,26,1
September,26,4
October,26,4
November,26,3
December,26,3
January,27,2
February,27,3
March,27,3
April,27,3
May,27,2
June,27,2
July,27,3
August,27,3
September,27,4
October,27,3
November,27,1
December,27,4
January,28,4
February,28,3
March,28,3
April,28,1
May,28,1
June,28,3
July,28,4
August,28,4
September,28,4
October,28,3
November,28,4
December,28,1
January,29,1
February,29,4
March,29,2
April,29,4
May,29,4
June,29,1
July,29,1
August,29,2
September,29,1
October,29,2
November,29,4
December,29,2
January,30,4
February,30,1
March,30,3
April,30,1
May,30,4
June,30,3
July,30,4
August,30,3
September,30,2
October,30,1
November,30,4
December,30,4
January,31,1
February,31,3
March,31,3
April,31,3
May,31,4
June,31,2
July,31,2
August,31,2
September,31,2
October,31,4
November,31,1
December,31,2
January,32,1
February,32,4
March,32,3
April,32,2
May,32,4
June,32,4
July,32,2
August,32,3
September,32,4
October,32,4
November,32,2
December,32,3
January,33,3
February,33,3
March,33,3
April,33,1
May,33,2
June,33,3
July,33,2
August,33,2
September,33,3
October,33,2
November,33,4
December,33,2
January,34,1
February,34,3
March,34,2
April,34,1
May,34,2
June,34,3
July,34,4
August,34,1
September,34,1
October,34,3
November,34,1
December,34,1
January,35,2
February,35,3
March,35,1
April,35,3
May,35,4
June,35,4
July,35,3
August,35,3
September,35,4
October,35,1
November,35,1
December,35,2
January,36,1
February,36,1
March,36,2
April,36,2
May,36,2
June,36,1
July,36,2
August,36,1
September,36,2
October,36,4
November,36,4
December,36,2
January,37,2
February,37,3
March,37,3
April,37,1
May,37,1
June,37,4
July,37,3
August,37,2
September,37,3
October,37,3
November,37,2
December,37,4
January,38,2
February,38,2
March,38,2
April,38,4
May,38,2
June,38,3
July,38,1
August,38,1
September,38,2
October,38,3
November,38,3
December,38,2
January,39,4
February,39,1
March,39,1
April,39,2
May,39,2
June,39,4
July,39,2
August,39,3
September,39,4
October,39,1
November,39,2
December,39,3
January,40,2
February,40,3
March,40,4
April,40,1
May,40,2
June,40,3
July,40,3
August,40,1
September,40,4
October,40,3
November,40,4
December,40,3
January,41,3
February,41,3
March,41,4
April,41,4
May,41,3
June,41,1
July,41,4
August,41,4
September,41,1
October,41,2
November,41,1
December,41,4
January,42,3
February,42,1
March,42,3
April,42,1
May,42,4
June,42,4
July,42,1
August,42,2
September,42,3
October,42,4
November,42,2
December,42,1
January,43,1
February,43,1
March,43,4
April,43,1
May,43,2
June,43,1
July,43,2
August,43,1
September,43,2
October,43,3
November,43,4
December,43,2
January,44,3
February,44,2
March,44,1
April,44,3
May,44,2
June,44,1
July,44,2
August,44,2
September,44,4
October,44,2
November,44,1
December,44,4
January,45,4
February,45,3
March,45,2
April,45,2
May,45,4
June,45,4
July,45,4
August,45,1
September,45,1
October,45,1
November,45,2
December,45,4
January,46,4
February,46,4
March,46,1
April,46,2
May,46,2
June,46,4
July,46,1
August,46,4
September,46,1
October,46,4
November,46,1
December,46,2
January,47,4
February,47,1
March,47,4
April,47,3
May,47,1
June,47,1
July,47,4
August,47,1
September,47,4
October,47,2
November,47,4
December,47,4
January,48,2
February,48,1
March,48,2
April,48,4
May,48,4
June,48,4
July,48,4
August,48,3
September,48,3
October,48,3
November,48,2
December,48,3
January,49,2
February,49,4
March,49,4
April,49,2
May,49,3
June,49,1
July,49,4
August,49,4
September,49,1
October,49,4
November,49,2
December,49,4
January,50,4
February,50,1
March,50,2
April,50,1
May,50,4
June,50,2
July,50,3
August,50,4
September,50,1
October,50,4
November,50,3
December,50,2
January,51,4
February,51,4
March,51,4
April,51,4
May,51,4
June,51,2
July,51,1
August,51,4
September,51,2
October,51,4
November,51,4
December,51,1
January,52,2
February,52,1
March,52,3
April,52,1
May,52,3
June,52,4
July,52,1
August,52,2
September,52,2
October,52,4
November,52,2
December,52,2
January,53,4
February,53,2
March,53,1
April,53,1
May,53,4
June,53,4
July,53,1
August,53,3
September,53,3
October,53,4
November,53,4
December,53,3
January,54,2
February,54,2
March,54,4
April,54,1
May,54,1
June,54,3
July,54,3
August,54,1
September,54,1
October,54,1
November,54,4
December,54,1
January,55,4
February,55,4
March,55,2
April,55,4
May,55,2
June,55,2
July,55,1
August,55,1
September,55,2
October,55,1
November,55,1
December,55,4
January,56,3
February,56,1
March,56,4
April,56,4
May,56,3
June,56,2
July,56,3
August,56,2
September,56,3
October,56,4
November,56,1
December,56,1
January,57,3
February,57,3
March,57,2
April,57,1
May,57,4
June,57,2
July,57,4
August,57,3
September,57,4
October,57,1
November,57,1
December,57,2
January,58,2
February,58,2
March,58,2
April,58,2
May,58,3
June,58,2
July,58,2
August,58,1
September,58,4
October,58,2
November,58,4
December,58,4
January,59,1
February,59,3
March,59,1
April,59,3
May,59,2
June,59,4
July,59,1
August,59,4
September,59,1
October,59,4
November,59,3
December,59,2
January,60,2
February,60,1
March,60,3
April,60,4
May,60,4
June,60,2
July,60,3
August,60,1
September,60,3
October,60,4
November,60,3
December,60,3
January,61,4
February,61,1
March,61,1
April,61,4
May,61,3
June,61,3
July,61,4
August,61,1
September,61,2
October,61,3
November,61,2
December,61,4
January,62,2
February,62,2
March,62,3
April,62,3
May,62,2
June,62,1
July,62,2
August,62,2
September,62,4
October,62,2
November,62,3
December,62,3
January,63,4
February,63,3
March,63,4
April,63,2
May,63,4
June,63,3
July,63,4
August,63,2
September,63,3
October,63,1
November,63,1
December,63,3
January,64,4
February,64,4
March,64,4
April,64,4
May,64,3
June,64,3
July,64,2
August,64,3
September,64,3
October,64,3
November,64,2
December,64,2
January,65,4
February,65,4
March,65,2
April,65,4
May,65,3
June,65,2
July,65,1
August,65,2
September,65,4
October,65,2
November,65,1
December,65,1
January,66,2
February,66,3
March,66,3
April,66,2
May,66,2
June,66,4
July,66,1
August,66,1
September,66,3
October,66,4
November,66,2
December,66,2
January,67,3
February,67,3
March,67,4
April,67,3
May,67,2
June,67,2
July,67,1
August,67,1
September,67,3
October,67,1
November,67,4
December,67,3
January,68,4
February,68,3
March,68,3
April,68,1
May,68,2
June,68,3
July,68,2
August,68,3
September,68,3
October,68,4
November,68,1
December,68,3
January,69,1
February,69,3
March,69,2
April,69,4
May,69,3
June,69,1
July,69,1
August,69,4
September,69,4
October,69,2
November,69,3
December,69,3
January,70,1
February,70,1
March,70,4
April,70,2
May,70,3
June,70,1
July,70,4
August,70,2
September,70,4
October,70,2
November,70,2
December,70,2
January,71,1
February,71,4
March,71,1
April,71,1
May,71,4
June,71,4
July,71,4
August,71,1
September,71,1
October,71,4
November,71,1
December,71,1
January,72,1
February,72,2
March,72,4
April,72,3
May,72,2
June,72,3
July,72,2
August,72,1
September,72,3
October,72,2
November,72,1
December,72,3
January,73,1
February,73,2
March,73,4
April,73,3
May,73,4
June,73,2
July,73,1
August,73,2
September,73,2
October,73,3
November,73,3
December,73,1
January,74,1
February,74,4
March,74,3
April,74,4
May,74,1
June,74,1
July,74,3
August,74,2
September,74,3
October,74,2
November,74,4
December,74,1
January,75,3
February,75,4
March,75,2
April,75,3
May,75,4
June,75,1
July,75,3
August,75,2
September,75,1
October,75,2
November,75,2
December,75,2
January,76,1
February,76,4
March,76,2
April,76,2
May,76,1
June,76,1
July,76,1
August,76,2
September,76,4
October,76,3
November,76,3
December,76,1
January,77,4
February,77,1
March,77,2
April,77,1
May,77,1
June,77,1
July,77,4
August,77,4
September,77,2
October,77,4
November,77,3
December,77,2
January,78,2
February,78,1
March,78,4
April,78,3
May,78,4
June,78,4
July,78,2
August,78,4
September,78,1
October,78,4
November,78,1
December,78,3
January,79,4
February,79,1
March,79,1
April,79,1
May,79,4
June,79,3
July,79,4
August,79,4
September,79,1
October,79,4
November,79,4
December,79,1
January,80,1
February,80,3
March,80,2
April,80,4
May,80,1
June,80,1
July,80,2
August,80,4
September,80,1
October,80,4
November,80,2
December,80,1
January,81,3
February,81,3
March,81,4
April,81,2
May,81,1
June,81,3
July,81,1
August,81,3
September,81,4
October,81,4
November,81,2
December,81,1
January,82,1
February,82,4
March,82,1
April,82,4
May,82,1
June,82,1
July,82,3
August,82,2
September,82,1
October,82,3
November,82,4
December,82,3
January,83,3
February,83,1
March,83,4
April,83,1
May,83,4
June,83,3
July,83,4
August,83,3
September,83,2
October,83,1
November,83,2
December,83,2
January,84,2
February,84,3
March,84,1
April,84,2
May,84,2
June,84,1
July,84,3
August,84,4
September,84,4
October,84,1
November,84,4
December,84,4
January,85,3
February,85,4
March,85,4
April,85,4
May,85,2
June,85,1
July,85,4
August,85,2
September,85,4
October,85,3
November,85,1
December,85,3
January,86,2
February,86,2
March,86,2
April,86,4
May,86,1
June,86,3
July,86,3
August,86,1
September,86,2
October,86,2
November,86,1
December,86,3
January,87,2
February,87,3
March,87,2
April,87,2
May,87,3
June,87,2
July,87,2
August,87,4
September,87,4
October,87,3
November,87,2
December,87,1
January,88,2
February,88,4
March,88,4
April,88,2
May,88,1
June,88,2
July,88,4
August,88,4
September,88,2
October,88,1
November,88,3
December,88,1
January,89,2
February,89,4
March,89,2
April,89,1
May,89,2
June,89,4
July,89,3
August,89,3
September,89,4
October,89,1
November,89,3
December,89,4
January,90,3
February,90,4
March,90,1
April,90,4
May,90,3
June,90,1
July,90,2
August,90,4
September,90,2
October,90,1
November,90,2
December,90,2
January,91,1
February,91,3
March,91,2
April,91,3
May,91,3
June,91,4
July,91,3
August,91,4
September,91,3
October,91,2
November,91,1
December,91,1
January,92,2
February,92,1
March,92,1
April,92,1
May,92,4
June,92,3
July,92,2
August,92,1
September,92,3
October,92,4
November,92,4
December,92,4
January,93,4
February,93,4
March,93,3
April,93,1
May,93,2
June,93,3
July,93,1
August,93,2
September,93,4
October,93,2
November,93,1
December,93,4
January,94,3
February,94,2
March,94,1
April,94,4
May,94,1
June,94,2
July,94,3
August,94,4
September,94,4
October,94,2
November,94,1
December,94,4
January,95,2
February,95,2
March,95,3
April,95,2
May,95,4
June,95,1
July,95,4
August,95,2
September,95,3
October,95,1
November,95,1
December,95,4
January,96,3
February,96,2
March,96,1
April,96,4
May,96,1
June,96,4
July,96,4
August,96,2
September,96,1
October,96,4
November,96,2
December,96,2
January,97,3
February,97,4
March,97,1
April,97,2
May,97,4
June,97,3
July,97,1
August,97,1
September,97,3
October,97,1
November,97,4
December,97,3
January,98,2
February,98,3
March,98,1
April,98,4
May,98,2
June,98,4
July,98,3
August,98,3
September,98,2
October,98,3
November,98,3
December,98,2
January,99,4
February,99,3
March,99,2
April,99,4
May,99,1
June,99,4
July,99,1
August,99,4
September,99,2
October,99,1
November,99,1
December,99,2
January,100,2
February,100,3
March,100,4
April,100,1
May,100,2
June,100,1
July,100,3
August,100,1
September,100,2
October,100,4
November,100,4
December,100,3
January,101,3
February,101,4
March,101,1
April,101,3
May,101,1
June,101,3
July,101,2
August,101,2
September,101,4
October,101,2
November,101,3
December,101,3
January,102,3
February,102,1
March,102,1
April,102,2
May,102,3
June,102,2
July,102,1
August,102,2
September,102,2
October,102,3
November,102,4
December,102,3
January,103,2
February,103,3
March,103,3
April,103,1
May,103,4
June,103,3
July,103,1
August,103,3
September,103,2
October,103,4
November,103,3
December,103,1
January,104,4
February,104,2
March,104,1
April,104,3
May,104,1
June,104,1
July,104,4
August,104,1
September,104,2
October,104,4
November,104,1
December,104,3
January,105,2
February,105,4
March,105,1
April,105,1
May,105,2
June,105,1
July,105,4
August,105,2
September,105,1
October,105,2
November,105,4
December,105,1
January,106,2
February,106,2
March,106,2
April,106,2
May,106,4
June,106,2
July,106,2
August,106,4
September,106,2
October,106,1
November,106,4
December,106,1
January,107,4
February,107,1
March,107,2
April,107,2
May,107,2
June,107,4
July,107,2
August,107,3
September,107,4
October,107,2
November,107,2
December,107,1
January,108,1
February,108,4
March,108,1
April,108,4
May,108,3
June,108,3
July,108,2
August,108,1
September,108,1
October,108,4
November,108,1
December,108,2
January,109,2
February,109,3
March,109,1
April,109,4
May,109,4
June,109,1
July,109,1
August,109,1
September,109,4
October,109,4
November,109,1
December,109,3
January,110,2
February,110,1
March,110,2
April,110,3
May,110,4
June,110,4
July,110,2
August,110,1
September,110,4
October,110,3
November,110,3
December,110,2
January,111,2
February,111,4
March,111,4
April,111,1
May,111,4
June,111,4
July,111,2
August,111,4
September,111,1
October,111,3
November,111,4
December,111,2
January,112,3
February,112,1
March,112,2
April,112,2
May,112,4
June,112,1
July,112,1
August,112,2
September,112,3
October,112,4
November,112,3
December,112,4
January,113,4
February,113,2
March,113,1
April,113,2
May,113,4
June,113,4
July,113,2
August,113,4
September,113,4
October,113,2
November,113,3
December,113,2
January,114,3
February,114,3
March,114,1
April,114,2
May,114,3
June,114,4
July,114,1
August,114,1
September,114,3
October,114,4
November,114,2
December,114,2
January,115,3
February,115,2
March,115,3
April,115,1
May,115,1
June,115,2
July,115,1
August,115,3
September,115,1
October,115,2
November,115,1
December,115,4
January,116,1
February,116,3
March,116,3
April,116,3
May,116,2
June,116,2
July,116,1
August,116,2
September,116,4
October,116,3
November,116,3
December,116,1
January,117,2
February,117,1
March,117,3
April,117,1
May,117,4
June,117,3
July,117,3
August,117,1
September,117,3
October,117,2
November,117,1
December,117,2
January,118,2
February,118,4
March,118,2
April,118,1
May,118,2
June,118,1
July,118,4
August,118,2
September,118,4
October,118,3
November,118,1
December,118,3
January,119,3
February,119,1
March,119,4
April,119,2
May,119,1
June,119,1
July,119,3
August,119,1
September,119,2
October,119,3
November,119,1
December,119,4
January,120,3
February,120,1
March,120,3
April,120,1
May,120,2
June,120,2
July,120,1
August,120,1
September,120,3
October,120,4
November,120,4
December,120,4
January,121,4
February,121,2
March,121,2
April,121,3
May,121,1
June,121,4
July,121,1
August,121,3
September,121,3
October,121,2
November,121,4
December,121,3
January,122,2
February,122,2
March,122,2
April,122,3
May,122,3
June,122,1
July,122,2
August,122,3
September,122,3
October,122,3
November,122,2
December,122,2
January,123,3
February,123,3
March,123,1
April,123,1
May,123,4
June,123,2
July,123,2
August,123,1
September,123,3
October,123,2
November,123,3
December,123,1
January,124,2
February,124,2
March,124,4
April,124,1
May,124,4
June,124,3
July,124,1
August,124,3
September,124,1
October,124,4
November,124,1
December,124,4
January,125,1
February,125,2
March,125,3
April,125,2
May,125,3
June,125,3
July,125,1
August,125,1
September,125,4
October,125,4
November,125,3
December,125,2
January,126,1
February,126,2
March,126,2
April,126,3
May,126,1
June,126,3
July,126,3
August,126,3
September,126,2
October,126,4
November,126,2
December,126,1
January,127,4
February,127,3
March,127,1
April,127,1
May,127,2
June,127,2
July,127,2
August,127,4
September,127,1
October,127,3
November,127,4
December,127,3
January,128,1
February,128,1
March,128,2
April,128,4
May,128,4
June,128,2
July,128,2
August,128,2
September,128,3
October,128,1
November,128,3
December,128,1
January,129,4
February,129,1
March,129,3
April,129,3
May,129,2
June,129,1
July,129,3
August,129,1
September,129,4
October,129,2
November,129,1
December,129,2
January,130,2
February,130,1
March,130,3
April,130,4
May,130,2
June,130,3
July,130,2
August,130,2
September,130,1
October,130,1
November,130,2
December,130,2
January,131,3
February,131,3
March,131,4
April,131,4
May,131,2
June,131,2
July,131,4
August,131,4
September,131,1
October,131,4
November,131,2
December,131,1
January,132,3
February,132,1
March,132,3
April,132,3
May,132,2
June,132,3
July,132,1
August,132,1
September,132,2
October,132,4
November,132,3
December,132,3
January,133,2
February,133,1
March,133,4
April,133,1
May,133,4
June,133,2
July,133,2
August,133,4
September,133,4
October,133,1
November,133,4
December,133,1
January,134,3
February,134,2
March,134,2
April,134,3
May,134,3
June,134,3
July,134,2
August,134,1
September,134,1
October,134,2
November,134,2
December,134,4
January,135,1
February,135,4
March,135,1
April,135,3
May,135,2
June,135,1
July,135,2
August,135,1
September,135,2
October,135,2
November,135,1
December,135,2
January,136,1
February,136,3
March,136,3
April,136,3
May,136,3
June,136,1
July,136,1
August,136,3
September,136,2
October,136,3
November,136,2
December,136,4
January,137,1
February,137,2
March,137,1
April,137,1
May,137,1
June,137,1
July,137,2
August,137,4
September,137,2
October,137,3
November,137,1
December,137,2
January,138,4
February,138,2
March,138,2
April,138,2
May,138,1
June,138,3
July,138,1
August,138,4
September,138,1
October,138,4
November,138,1
December,138,3
January,139,2
February,139,2
March,139,1
April,139,4
May,139,2
June,139,4
July,139,4
August,139,4
September,139,3
October,139,1
November,139,2
December,139,4
January,140,3
February,140,1
March,140,4
April,140,1
May,140,2
June,140,4
July,140,4
August,140,4
September,140,4
October,140,2
November,140,1
December,140,3
January,141,1
February,141,1
March,141,1
April,141,3
May,141,1
June,141,1
July,141,4
August,141,4
September,141,4
October,141,2
November,141,1
December,141,3
January,142,4
February,142,3
March,142,1
April,142,4
May,142,4
June,142,3
July,142,4
August,142,4
September,142,3
October,142,4
November,142,3
December,142,1
January,143,1
February,143,3
March,143,4
April,143,4
May,143,1
June,143,3
July,143,4
August,143,2
September,143,1
October,143,3
November,143,1
December,143,4
January,144,4
February,144,1
March,144,4
April,144,2
May,144,3
June,144,1
July,144,3
August,144,4
September,144,3
October,144,3
November,144,2
December,144,2
January,145,1
February,145,1
March,145,1
April,145,3
May,145,1
June,145,4
July,145,2
August,145,2
September,145,4
October,145,4
November,145,4
December,145,2
January,146,1
February,146,1
March,146,2
April,146,4
May,146,3
June,146,1
July,146,3
August,146,2
September,146,1
October,146,1
November,146,4
December,146,2
January,147,3
February,147,4
March,147,4
April,147,2
May,147,4
June,147,4
July,147,4
August,147,3
September,147,2
October,147,2
November,147,3
December,147,2
January,148,4
February,148,4
March,148,1
April,148,3
May,148,2
June,148,4
July,148,3
August,148,3
September,148,2
October,148,4
November,148,2
December,148,4
January,149,4
February,149,3
March,149,2
April,149,1
May,149,3
June,149,4
July,149,3
August,149,2
September,149,2
October,149,1
November,149,2
December,149,3
January,150,2
February,150,2
March,150,1
April,150,2
May,150,1
June,150,1
July,150,1
August,150,3
September,150,3
October,150,3
November,150,4
December,150,4
January,151,1
February,151,4
March,151,3
April,151,4
May,151,3
June,151,4
July,151,2
August,151,4
September,151,3
October,151,3
November,151,4
December,151,4
January,152,1
February,152,3
March,152,2
April,152,1
May,152,3
June,152,3
July,152,4
August,152,4
September,152,2
October,152,4
November,152,1
December,152,1
January,153,4
February,153,1
March,153,2
April,153,1
May,153,4
June,153,4
July,153,4
August,153,2
September,153,4
October,153,1
November,153,2
December,153,2
January,154,1
February,154,2
March,154,4
April,154,2
May,154,2
June,154,4
July,154,4
August,154,1
September,154,2
October,154,4
November,154,1
December,154,1
January,155,4
February,155,3
March,155,1
April,155,4
May,155,3
June,155,3
July,155,4
August,155,2
September,155,3
October,155,2
November,155,3
December,155,2
January,156,3
February,156,2
March,156,1
April,156,2
May,156,4
June,156,2
July,156,3
August,156,4
September,156,4
October,156,3
November,156,4
December,156,1
January,157,2
February,157,1
March,157,2
April,157,1
May,157,3
June,157,3
July,157,4
August,157,1
September,157,2
October,157,3
November,157,3
December,157,1
January,158,2
February,158,4
March,158,4
April,158,1
May,158,4
June,158,3
July,158,1
August,158,2
September,158,3
October,158,4
November,158,1
December,158,4
January,159,1
February,159,1
March,159,2
April,159,3
May,159,2
June,159,2
July,159,1
August,159,4
September,159,3
October,159,2
November,159,3
December,159,3
January,160,2
February,160,3
March,160,1
April,160,1
May,160,2
June,160,2
July,160,3
August,160,1
September,160,2
October,160,3
November,160,1
December,160,2
January,161,3
February,161,2
March,161,3
April,161,4
May,161,1
June,161,2
July,161,1
August,161,3
September,161,2
October,161,1
November,161,4
December,161,4
January,162,3
February,162,4
March,162,2
April,162,4
May,162,2
June,162,4
July,162,4
August,162,4
September,162,3
October,162,3
November,162,4
December,162,3
January,163,4
February,163,2
March,163,4
April,163,1
May,163,4
June,163,3
July,163,4
August,163,2
September,163,3
October,163,4
November,163,3
December,163,2
January,164,4
February,164,1
March,164,1
April,164,2
May,164,1
June,164,3
July,164,2
August,164,1
September,164,2
October,164,1
November,164,2
December,164,3
January,165,3
February,165,4
March,165,2
April,165,4
May,165,3
June,165,3
July,165,3
August,165,4
September,165,4
October,165,4
November,165,4
December,165,3
January,166,3
February,166,3
March,166,1
April,166,1
May,166,4
June,166,1
July,166,4
August,166,1
September,166,4
October,166,4
November,166,1
December,166,2
January,167,3
February,167,1
March,167,3
April,167,4
May,167,1
June,167,4
July,167,4
August,167,4
September,167,3
October,167,1
November,167,1
December,167,2
January,168,2
February,168,3
March,168,1
April,168,4
May,168,1
June,168,3
July,168,2
August,168,1
September,168,3
October,168,1
November,168,1
December,168,1
January,169,3
February,169,1
March,169,2
April,169,3
May,169,3
June,169,2
July,169,3
August,169,1
September,169,1
October,169,3
November,169,2
December,169,3
January,170,3
February,170,1
March,170,2
April,170,3
May,170,3
June,170,1
July,170,3
August,170,1
September,170,1
October,170,1
November,170,4
December,170,3
January,171,3
February,171,3
March,171,2
April,171,2
May,171,1
June,171,4
July,171,2
August,171,2
September,171,3
October,171,3
November,171,1
December,171,2
January,172,2
February,172,1
March,172,4
April,172,3
May,172,4
June,172,1
July,172,2
August,172,2
September,172,1
October,172,2
November,172,1
December,172,3
January,173,4
February,173,3
March,173,1
April,173,4
May,173,1
June,173,4
July,173,2
August,173,4
September,173,4
October,173,2
November,173,2
December,173,1
January,174,3
February,174,3
March,174,4
April,174,1
May,174,4
June,174,3
July,174,2
August,174,2
September,174,3
October,174,3
November,174,3
December,174,4
January,175,3
February,175,1
March,175,3
April,175,3
May,175,4
June,175,3
July,175,1
August,175,2
September,175,2
October,175,2
November,175,3
December,175,3
January,176,3
February,176,1
March,176,2
April,176,2
May,176,1
June,176,3
July,176,3
August,176,4
September,176,4
October,176,1
November,176,4
December,176,2
January,177,4
February,177,1
March,177,1
April,177,3
May,177,4
June,177,3
July,177,1
August,177,4
September,177,3
October,177,3
November,177,1
December,177,1
January,178,3
February,178,1
March,178,4
April,178,4
May,178,3
June,178,4
July,178,1
August,178,3
September,178,1
October,178,1
November,178,4
December,178,1
January,179,2
February,179,3
March,179,3
April,179,1
May,179,2
June,179,1
July,179,2
August,179,4
September,179,2
October,179,3
November,179,4
December,179,1
January,180,1
February,180,2
March,180,2
April,180,3
May,180,3
June,180,2
July,180,4
August,180,3
September,180,2
October,180,1
November,180,1
December,180,1
January,181,2
February,181,1
March,181,2
April,181,4
May,181,3
June,181,2
July,181,4
August,181,1
September,181,2
October,181,1
November,181,1
December,181,3
January,182,2
February,182,1
March,182,2
April,182,4
May,182,2
June,182,4
July,182,4
August,182,3
September,182,3
October,182,4
November,182,1
December,182,1
January,183,1
February,183,4
March,183,3
April,183,2
May,183,3
June,183,1
July,183,3
August,183,2
September,183,3
October,183,1
November,183,1
December,183,3
January,184,4
February,184,2
March,184,1
April,184,3
May,184,1
June,184,4
July,184,2
August,184,3
September,184,3
October,184,2
November,184,4
December,184,4
January,185,1
February,185,3
March,185,2
April,185,3
May,185,1
June,185,1
July,185,4
August,185,3
September,185,3
October,185,4
November,185,4
December,185,1
January,186,1
February,186,3
March,186,2
April,186,1
May,186,3
June,186,2
July,186,1
August,186,4
September,186,3
October,186,1
November,186,1
December,186,2
January,187,2
February,187,2
March,187,2
April,187,2
May,187,1
June,187,2
July,187,3
August,187,2
September,187,3
October,187,3
November,187,4
December,187,3
January,188,1
February,188,1
March,188,2
April,188,2
May,188,3
June,188,4
July,188,1
August,188,1
September,188,2
October,188,1
November,188,2
December,188,2
January,189,4
February,189,2
March,189,2
April,189,3
May,189,3
June,189,1
July,189,2
August,189,2
September,189,2
October,189,2
November,189,2
December,189,3
January,190,1
February,190,1
March,190,2
April,190,3
May,190,3
June,190,3
July,190,3
August,190,1
September,190,1
October,190,1
November,190,4
December,190,1
January,191,1
February,191,1
March,191,2
April,191,1
May,191,1
June,191,1
July,191,4
August,191,2
September,191,4
October,191,4
November,191,3
December,191,4
January,192,2
February,192,2
March,192,4
April,192,2
May,192,3
June,192,3
July,192,1
August,192,3
September,192,4
October,192,2
November,192,2
December,192,4
January,193,4
February,193,4
March,193,2
April,193,4
May,193,1
June,193,3
July,193,2
August,193,2
September,193,1
October,193,4
November,193,4
December,193,1
January,194,3
February,194,4
March,194,2
April,194,2
May,194,1
June,194,4
July,194,3
August,194,1
September,194,4
October,194,1
November,194,4
December,194,3
January,195,3
February,195,4
March,195,3
April,195,2
May,195,2
June,195,4
July,195,1
August,195,1
September,195,3
October,195,1
November,195,1
December,195,2
January,196,3
February,196,2
March,196,3
April,196,1
May,196,3
June,196,2
July,196,4
August,196,1
September,196,1
October,196,2
November,196,3
December,196,4
January,197,1
February,197,4
March,197,3
April,197,2
May,197,3
June,197,1
July,197,4
August,197,4
September,197,3
October,197,4
November,197,4
December,197,2
January,198,1
February,198,3
March,198,3
April,198,2
May,198,1
June,198,1
July,198,1
August,198,4
September,198,1
October,198,4
November,198,2
December,198,2
January,199,2
February,199,3
March,199,3
April,199,2
May,199,3
June,199,1
July,199,4
August,199,3
September,199,3
October,199,3
November,199,4
December,199,1
January,200,2
February,200,3
March,200,4
April,200,4
May,200,2
June,200,2
July,200,2
August,200,4
September,200,3
October,200,3
November,200,3
December,200,3
January,201,4
February,201,1
March,201,3
April,201,3
May,201,1
June,201,3
July,201,2
August,201,1
September,201,4
October,201,1
November,201,3
December,201,2
January,202,2
February,202,2
March,202,1
April,202,4
May,202,3
June,202,3
July,202,1
August,202,1
September,202,3
October,202,1
November,202,1
December,202,2
January,203,3
February,203,2
March,203,1
April,203,4
May,203,2
June,203,4
July,203,1
August,203,2
September,203,4
October,203,3
November,203,1
December,203,1
January,204,4
February,204,1
March,204,1
April,204,1
May,204,3
June,204,3
July,204,3
August,204,3
September,204,4
October,204,2
November,204,1
December,204,1
January,205,3
February,205,2
March,205,4
April,205,2
May,205,4
June,205,1
July,205,2
August,205,3
September,205,3
October,205,2
November,205,3
December,205,1
January,206,2
February,206,2
March,206,2
April,206,3
May,206,3
June,206,1
July,206,3
August,206,4
September,206,2
October,206,4
November,206,1
December,206,3
January,207,3
February,207,3
March,207,3
April,207,2
May,207,4
June,207,2
July,207,4
August,207,3
September,207,3
October,207,4
November,207,3
December,207,3
January,208,1
February,208,4
March,208,3
April,208,2
May,208,2
June,208,3
July,208,3
August,208,2
September,208,4
October,208,3
November,208,1
December,208,1
January,209,2
February,209,3
March,209,1
April,209,1
May,209,3
June,209,1
July,209,4
August,209,1
September,209,1
October,209,4
November,209,1
December,209,1
January,210,2
February,210,2
March,210,3
April,210,3
May,210,1
June,210,3
July,210,1
August,210,1
September,210,3
October,210,1
November,210,2
December,210,3
January,211,3
February,211,1
March,211,4
April,211,3
May,211,3
June,211,3
July,211,4
August,211,4
September,211,2
October,211,3
November,211,2
December,211,1
January,212,2
February,212,3
March,212,4
April,212,4
May,212,3
June,212,2
July,212,1
August,212,2
September,212,4
October,212,3
November,212,4
December,212,1
January,213,1
February,213,2
March,213,3
April,213,3
May,213,2
June,213,3
July,213,2
August,213,3
September,213,2
October,213,1
November,213,1
December,213,4
January,214,1
February,214,1
March,214,2
April,214,4
May,214,1
June,214,4
July,214,3
August,214,1
September,214,4
October,214,4
November,214,4
December,214,2
January,215,2
February,215,3
March,215,1
April,215,3
May,215,2
June,215,3
July,215,3
August,215,1
September,215,4
October,215,4
November,215,4
December,215,1
January,216,4
February,216,2
March,216,2
April,216,2
May,216,1
June,216,2
July,216,3
August,216,2
September,216,1
October,216,4
November,216,2
December,216,2
January,217,1
February,217,2
March,217,1
April,217,2
May,217,2
June,217,1
July,217,3
August,217,2
September,217,4
October,217,2
November,217,2
December,217,1
January,218,1
February,218,3
March,218,3
April,218,3
May,218,1
June,218,1
July,218,1
August,218,2
September,218,3
October,218,3
November,218,2
December,218,3
January,219,4
February,219,4
March,219,1
April,219,3
May,219,3
June,219,3
July,219,2
August,219,4
September,219,3
October,219,2
November,219,2
December,219,4
January,220,4
February,220,1
March,220,2
April,220,4
May,220,3
June,220,3
July,220,4
August,220,2
September,220,4
October,220,4
November,220,4
December,220,1
January,221,2
February,221,2
March,221,4
April,221,3
May,221,1
June,221,2
July,221,2
August,221,1
September,221,4
October,221,4
November,221,2
December,221,3
January,222,2
February,222,3
March,222,1
April,222,4
May,222,2
June,222,2
July,222,1
August,222,3
September,222,3
October,222,4
November,222,1
December,222,1
January,223,4
February,223,3
March,223,3
April,223,3
May,223,3
June,223,2
July,223,2
August,223,2
September,223,2
October,223,4
November,223,3
December,223,2
January,224,4
February,224,1
March,224,2
April,224,2
May,224,3
June,224,3
July,224,2
August,224,1
September,224,4
October,224,1
November,224,4
December,224,3
January,225,3
February,225,1
March,225,1
April,225,1
May,225,3
June,225,2
July,225,4
August,225,3
September,225,2
October,225,3
November,225,4
December,225,4
January,226,2
February,226,4
March,226,1
April,226,2
May,226,4
June,226,2
July,226,4
August,226,4
September,226,3
October,226,1
November,226,4
December,226,2
January,227,1
February,227,1
March,227,3
April,227,2
May,227,2
June,227,3
July,227,2
August,227,2
September,227,4
October,227,2
November,227,3
December,227,3
January,228,2
February,228,3
March,228,3
April,228,4
May,228,2
June,228,1
July,228,3
August,228,2
September,228,3
October,228,1
November,228,4
December,228,1
January,229,1
February,229,4
March,229,4
April,229,1
May,229,1
June,229,1
July,229,4
August,229,1
September,229,1
October,229,4
November,229,1
December,229,3
January,230,2
February,230,1
March,230,1
April,230,1
May,230,2
June,230,1
July,230,2
August,230,2
September,230,3
October,230,2
November,230,3
December,230,1
January,231,4
February,231,4
March,231,2
April,231,1
May,231,2
June,231,2
July,231,2
August,231,4
September,231,1
October,231,4
November,231,2
December,231,3
January,232,3
February,232,3
March,232,1
April,232,2
May,232,1
June,232,2
July,232,4
August,232,4
September,232,4
October,232,3
November,232,1
December,232,4
January,233,3
February,233,1
March,233,2
April,233,2
May,233,2
June,233,4
July,233,1
August,233,4
September,233,1
October,233,3
November,233,3
December,233,1
January,234,1
February,234,4
March,234,1
April,234,4
May,234,2
June,234,1
July,234,1
August,234,4
September,234,1
October,234,2
November,234,2
December,234,3
January,235,3
February,235,2
March,235,3
April,235,2
May,235,1
June,235,4
July,235,4
August,235,1
September,235,4
October,235,1
November,235,4
December,235,4
January,236,3
February,236,3
March,236,4
April,236,4
May,236,2
June,236,2
July,236,2
August,236,4
September,236,1
October,236,1
November,236,4
December,236,2
January,237,2
February,237,1
March,237,1
April,237,2
May,237,1
June,237,4
July,237,4
August,237,4
September,237,1
October,237,2
November,237,1
December,237,3
January,238,3
February,238,4
March,238,3
April,238,4
May,238,3
June,238,3
July,238,4
August,238,3
September,238,4
October,238,1
November,238,3
December,238,3
January,239,2
February,239,4
March,239,4
April,239,3
May,239,1
June,239,1
July,239,4
August,239,4
September,239,1
October,239,2
November,239,2
December,239,4
January,240,4
February,240,1
March,240,2
April,240,4
May,240,1
June,240,4
July,240,1
August,240,2
September,240,3
October,240,4
November,240,1
December,240,3
January,241,2
February,241,3
March,241,1
April,241,3
May,241,4
June,241,1
July,241,2
August,241,2
September,241,2
October,241,4
November,241,1
December,241,4
January,242,3
February,242,3
March,242,3
April,242,2
May,242,2
June,242,1
July,242,1
August,242,1
September,242,3
October,242,1
November,242,3
December,242,4
January,243,4
February,243,1
March,243,4
April,243,3
May,243,3
June,243,3
July,243,2
August,243,4
September,243,1
October,243,4
November,243,4
December,243,3
January,244,4
February,244,3
March,244,4
April,244,3
May,244,2
June,244,4
July,244,1
August,244,2
September,244,4
October,244,3
November,244,3
December,244,4
January,245,1
February,245,3
March,245,4
April,245,1
May,245,2
June,245,4
July,245,3
August,245,1
September,245,3
October,245,1
November,245,2
December,245,4
January,246,3
February,246,4
March,246,1
April,246,2
May,246,4
June,246,2
July,246,4
August,246,2
September,246,1
October,246,4
November,246,4
December,246,2
January,247,4
February,247,1
March,247,2
April,247,2
May,247,2
June,247,2
July,247,2
August,247,3
September,247,4
October,247,4
November,247,4
December,247,4
January,248,3
February,248,3
March,248,3
April,248,3
May,248,3
June,248,1
July,248,1
August,248,4
September,248,1
October,248,2
November,248,4
December,248,2
January,249,1
February,249,2
March,249,2
April,249,4
May,249,4
June,249,1
July,249,1
August,249,1
September,249,2
October,249,2
November,249,2
December,249,4
January,250,3
February,250,2
March,250,1
April,250,1
May,250,3
June,250,1
July,250,1
August,250,3
September,250,4
October,250,3
November,250,3
December,250,4
January,251,3
February,251,2
March,251,4
April,251,2
May,251,2
June,251,1
July,251,1
August,251,2
September,251,2
October,251,2
November,251,4
December,251,2
January,252,2
February,252,2
March,252,2
April,252,1
May,252,1
June,252,3
July,252,4
August,252,4
September,252,3
October,252,3
November,252,2
December,252,2
January,253,4
February,253,1
March,253,3
April,253,2
May,253,1
June,253,1
July,253,3
August,253,3
September,253,4
October,253,2
November,253,1
December,253,2
January,254,1
February,254,2
March,254,3
April,254,3
May,254,2
June,254,3
July,254,2
August,254,1
September,254,3
October,254,2
November,254,3
December,254,2
January,255,4
February,255,1
March,255,4
April,255,3
May,255,4
June,255,1
July,255,1
August,255,2
September,255,3
October,255,2
November,255,2
December,255,1
January,256,4
February,256,3
March,256,1
April,256,1
May,256,4
June,256,2
July,256,2
August,256,2
September,256,2
October,256,4
November,256,2
December,256,3
January,257,1
February,257,2
March,257,4
April,257,4
May,257,4
June,257,4
July,257,3
August,257,2
September,257,1
October,257,3
November,257,3
December,257,3
January,258,3
February,258,2
March,258,1
April,258,2
May,258,3
June,258,3
July,258,3
August,258,1
September,258,4
October,258,3
November,258,2
December,258,3
January,259,1
February,259,4
March,259,3
April,259,1
May,259,1
June,259,4
July,259,1
August,259,1
September,259,4
October,259,1
November,259,1
December,259,4
January,260,2
February,260,2
March,260,2
April,260,1
May,260,2
June,260,3
July,260,1
August,260,4
September,260,2
October,260,3
November,260,2
December,260,3
January,261,1
February,261,4
March,261,4
April,261,2
May,261,2
June,261,3
July,261,3
August,261,3
September,261,2
October,261,3
November,261,1
December,261,3
January,262,3
February,262,4
March,262,2
April,262,3
May,262,2
June,262,2
July,262,4
August,262,2
September,262,1
October,262,4
November,262,3
December,262,2
January,263,2
February,263,1
March,263,2
April,263,3
May,263,4
June,263,3
July,263,2
August,263,3
September,263,4
October,263,1
November,263,1
December,263,1
January,264,4
February,264,3
March,264,2
April,264,1
May,264,3
June,264,1
July,264,4
August,264,4
September,264,4
October,264,2
November,264,2
December,264,3
January,265,3
February,265,3
March,265,2
April,265,4
May,265,4
June,265,2
July,265,4
August,265,1
September,265,4
October,265,2
November,265,2
December,265,3
January,266,2
February,266,1
March,266,3
April,266,4
May,266,4
June,266,3
July,266,1
August,266,4
September,266,4
October,266,2
November,266,3
December,266,2
January,267,3
February,267,3
March,267,2
April,267,3
May,267,1
June,267,2
July,267,1
August,267,1
September,267,1
October,267,1
November,267,4
December,267,2
January,268,1
February,268,1
March,268,2
April,268,3
May,268,4
June,268,2
July,268,3
August,268,1
September,268,3
October,268,3
November,268,4
December,268,1
January,269,2
February,269,3
March,269,3
April,269,3
May,269,2
June,269,1
July,269,3
August,269,2
September,269,1
October,269,1
November,269,2
December,269,1
January,270,4
February,270,1
March,270,3
April,270,2
May,270,4
June,270,2
July,270,4
August,270,1
September,270,1
October,270,4
November,270,1
December,270,1
January,271,4
February,271,3
March,271,3
April,271,3
May,271,1
June,271,3
July,271,1
August,271,2
September,271,3
October,271,1
November,271,4
December,271,1
January,272,3
February,272,3
March,272,4
April,272,1
May,272,3
June,272,1
July,272,3
August,272,3
September,272,4
October,272,1
November,272,1
December,272,3
January,273,4
February,273,2
March,273,3
April,273,2
May,273,4
June,273,1
July,273,3
August,273,1
September,273,1
October,273,2
November,273,1
December,273,3
January,274,3
February,274,1
March,274,3
April,274,3
May,274,3
June,274,3
July,274,2
August,274,4
September,274,3
October,274,3
November,274,4
December,274,2
January,275,3
February,275,2
March,275,4
April,275,1
May,275,4
June,275,2
July,275,4
August,275,3
September,275,2
October,275,2
November,275,1
December,275,2
January,276,2
February,276,1
March,276,1
April,276,3
May,276,1
June,276,4
July,276,1
August,276,2
September,276,1
October,276,1
November,276,2
December,276,1
January,277,3
February,277,1
March,277,3
April,277,1
May,277,3
June,277,4
July,277,3
August,277,1
September,277,3
October,277,4
November,277,4
December,277,2
January,278,3
February,278,3
March,278,2
April,278,4
May,278,4
June,278,4
July,278,4
August,278,1
September,278,2
October,278,1
November,278,3
December,278,3
January,279,3
February,279,2
March,279,1
April,279,1
May,279,4
June,279,3
July,279,3
August,279,4
September,279,1
October,279,2
November,279,3
December,279,4
January,280,3
February,280,2
March,280,3
April,280,1
May,280,2
June,280,1
July,280,2
August,280,2
September,280,4
October,280,3
November,280,1
December,280,3
January,281,3
February,281,2
March,281,3
April,281,3
May,281,1
June,281,2
July,281,2
August,281,1
September,281,1
October,281,4
November,281,4
December,281,2
January,282,2
February,282,3
March,282,1
April,282,3
May,282,1
June,282,1
July,282,2
August,282,4
September,282,3
October,282,4
November,282,4
December,282,1
January,283,3
February,283,2
March,283,1
April,283,4
May,283,2
June,283,4
July,283,4
August,283,2
September,283,1
October,283,3
November,283,4
December,283,3
January,284,4
February,284,1
March,284,3
April,284,1
May,284,2
June,284,3
July,284,1
August,284,4
September,284,4
October,284,3
November,284,1
December,284,1
January,285,4
February,285,1
March,285,3
April,285,3
May,285,4
June,285,3
July,285,4
August,285,1
September,285,4
October,285,4
November,285,2
December,285,2
January,286,2
February,286,2
March,286,4
April,286,1
May,286,4
June,286,2
July,286,3
August,286,4
September,286,3
October,286,3
November,286,4
December,286,3
January,287,3
February,287,2
March,287,1
April,287,4
May,287,1
June,287,3
July,287,1
August,287,4
September,287,3
October,287,4
November,287,4
December,287,3
January,288,2
February,288,2
March,288,1
April,288,4
May,288,3
June,288,4
July,288,1
August,288,2
September,288,3
October,288,3
November,288,4
December,288,4
January,289,2
February,289,2
March,289,2
April,289,4
May,289,3
June,289,4
July,289,2
August,289,3
September,289,4
October,289,2
November,289,3
December,289,4
January,290,3
February,290,3
March,290,1
April,290,2
May,290,2
June,290,1
July,290,1
August,290,3
September,290,4
October,290,4
November,290,1
December,290,1
January,291,2
February,291,1
March,291,2
April,291,2
May,291,4
June,291,4
July,291,2
August,291,2
September,291,2
October,291,1
November,291,4
December,291,1
January,292,1
February,292,1
March,292,2
April,292,2
May,292,2
June,292,2
July,292,4
August,292,2
September,292,2
October,292,2
November,292,4
December,292,2
January,293,2
February,293,4
March,293,2
April,293,2
May,293,3
June,293,4
July,293,3
August,293,2
September,293,3
October,293,3
November,293,1
December,293,1
January,294,1
February,294,4
March,294,3
April,294,2
May,294,2
June,294,2
July,294,4
August,294,2
September,294,3
October,294,2
November,294,4
December,294,3
January,295,3
February,295,1
March,295,4
April,295,2
May,295,3
June,295,1
July,295,1
August,295,2
September,295,4
October,295,4
November,295,4
December,295,3
January,296,4
February,296,1
March,296,3
April,296,4
May,296,4
June,296,2
July,296,3
August,296,2
September,296,2
October,296,4
November,296,1
December,296,3
January,297,3
February,297,1
March,297,4
April,297,1
May,297,2
June,297,1
July,297,3
August,297,2
September,297,2
October,297,3
November,297,2
December,297,3
January,298,3
February,298,4
March,298,4
April,298,2
May,298,2
June,298,2
July,298,3
August,298,1
September,298,3
October,298,2
November,298,4
December,298,3
January,299,1
February,299,2
March,299,3
April,299,4
May,299,4
June,299,1
July,299,1
August,299,4
September,299,4
October,299,2
November,299,3
December,299,3
January,300,4
February,300,2
March,300,4
April,300,1
May,300,2
June,300,2
July,300,1
August,300,4
September,300,2
October,300,3
November,300,1
December,300,2
January,301,3
February,301,1
March,301,4
April,301,1
May,301,1
June,301,4
July,301,2
August,301,4
September,301,1
October,301,2
November,301,3
December,301,1
January,302,3
February,302,1
March,302,3
April,302,3
May,302,2
June,302,4
July,302,3
August,302,1
September,302,2
October,302,2
November,302,2
December,302,2
January,303,2
February,303,1
March,303,2
April,303,2
May,303,4
June,303,1
July,303,3
August,303,4
September,303,1
October,303,1
November,303,4
December,303,4
January,304,3
February,304,2
March,304,3
April,304,3
May,304,3
June,304,2
July,304,3
August,304,3
September,304,1
October,304,1
November,304,3
December,304,2
January,305,1
February,305,4
March,305,3
April,305,4
May,305,2
June,305,2
July,305,2
August,305,3
September,305,3
October,305,4
November,305,4
December,305,3
January,306,3
February,306,4
March,306,2
April,306,2
May,306,1
June,306,4
July,306,4
August,306,2
September,306,2
October,306,4
November,306,4
December,306,1
January,307,1
February,307,4
March,307,1
April,307,4
May,307,4
June,307,1
July,307,4
August,307,4
September,307,4
October,307,2
November,307,1
December,307,4
January,308,4
February,308,3
March,308,1
April,308,3
May,308,3
June,308,2
July,308,4
August,308,4
September,308,3
October,308,4
November,308,2
December,308,3
January,309,1
February,309,1
March,309,2
April,309,1
May,309,4
June,309,2
July,309,4
August,309,2
September,309,3
October,309,3
November,309,4
December,309,2
January,310,1
February,310,1
March,310,2
April,310,3
May,310,1
June,310,3
July,310,2
August,310,1
September,310,4
October,310,1
November,310,3
December,310,2
January,311,4
February,311,1
March,311,2
April,311,4
May,311,2
June,311,1
July,311,4
August,311,4
September,311,4
October,311,3
November,311,4
December,311,4
January,312,1
February,312,4
March,312,3
April,312,1
May,312,1
June,312,1
July,312,1
August,312,2
September,312,3
October,312,3
November,312,4
December,312,4
January,313,3
February,313,2
March,313,3
April,313,3
May,313,2
June,313,1
July,313,1
August,313,1
September,313,3
October,313,2
November,313,3
December,313,1
January,314,2
February,314,1
March,314,4
April,314,1
May,314,3
June,314,3
July,314,3
August,314,4
September,314,2
October,314,2
November,314,1
December,314,4
January,315,3
February,315,4
March,315,3
April,315,2
May,315,3
June,315,1
July,315,3
August,315,3
September,315,4
October,315,1
November,315,4
December,315,2
January,316,1
February,316,4
March,316,4
April,316,4
May,316,3
June,316,3
July,316,4
August,316,4
September,316,3
October,316,3
November,316,4
December,316,1
January,317,3
February,317,1
March,317,4
April,317,2
May,317,2
June,317,4
July,317,3
August,317,1
September,317,3
October,317,3
November,317,4
December,317,3
January,318,3
February,318,1
March,318,2
April,318,3
May,318,1
June,318,2
July,318,3
August,318,2
September,318,2
October,318,1
November,318,2
December,318,1
January,319,1
February,319,4
March,319,3
April,319,2
May,319,1
June,319,2
July,319,2
August,319,1
September,319,2
October,319,2
November,319,3
December,319,2
January,320,4
February,320,4
March,320,3
April,320,2
May,320,3
June,320,4
July,320,3
August,320,1
September,320,1
October,320,2
November,320,3
December,320,1
January,321,2
February,321,3
March,321,4
April,321,4
May,321,3
June,321,4
July,321,4
August,321,2
September,321,4
October,321,3
November,321,1
December,321,2
January,322,1
February,322,4
March,322,3
April,322,1
May,322,4
June,322,1
July,322,4
August,322,2
September,322,3
October,322,2
November,322,4
December,322,4
January,323,1
February,323,2
March,323,3
April,323,1
May,323,1
June,323,3
July,323,4
August,323,2
September,323,1
October,323,2
November,323,2
December,323,3
January,324,2
February,324,2
March,324,4
April,324,2
May,324,4
June,324,4
July,324,3
August,324,2
September,324,1
October,324,2
November,324,4
December,324,4
